File Name,Clip Directory,Duration TC,,,Resolution,Video Codec,Description,Comments,,Location,Category,,,,,Bit Depth,,,,EDL Clip Name,Camera Type,,,Camera Format,Camera FPS,,,,Sensor,,,,,,Aspect Ratio Notes,License Type,Pricing Tier
A032_C078_09169V_V1-0143.mp4,,00:00:55:04,,,5120 x 2700,r3d,"Wide view of a yellow thorny seahorse, Hippocampus histrix, perched on seagrass, Komodo National Park, Indonesia, Pacific Ocean",yellow-thorny-seahorse-macro-wide,,"Komodo, Indonesia",Underwater,,,,,16,,,,,DSMC2 GEMINI 5K S35,,,REDcode 5:1,59.94,,,,,,,,,,1.09,Commercial,Premium
A032_C079_09162S_V1-0144.mp4,,00:00:33:02,,,5120 x 2700,r3d,"Close-up of a yellow thorny seahorse, Hippocampus histrix, perched on seagrass, Komodo National Park, Indonesia, Pacific Ocean",yellow-thorny-seahorse-macro-mid,,"Komodo, Indonesia",Underwater,,,,,16,,,,,DSMC2 GEMINI 5K S35,,,REDcode 5:1,59.94,,,,,,,,,,1.09,Commercial,Premium
A032_C080_091632_V1-0145.mp4,,00:00:37:58,,,5120 x 2700,r3d,"Portrait of a yellow thorny seahorse, Hippocampus histrix, perched on seagrass, Komodo National Park, Indonesia, Pacific Ocean",yellow-thorny-seahorse-macro-closeup,,"Komodo, Indonesia",Underwater,,,,,16,,,,,DSMC2 GEMINI 5K S35,,,REDcode 5:1,59.94,,,,,,,,,,1.09,Commercial,Premium
A032_C053_0916QP_V1-0121.mp4,,00:00:31:45,,,5120 x 2700,r3d,"An ornate or harlequin ghost pipefish, Solenostomus paradoxus, hangs in the water column above the substrate, Komodo National Park, Indonesia, Pacific Ocean",yellow-ornate-ghostpipefish-algaes-seagrass,,"Komodo, Indonesia",Underwater,,,,,16,,,,,DSMC2 GEMINI 5K S35,,,REDcode 5:1,59.94,,,,,,,,,,1.09,Commercial,Standard
A032_C090_0917VL_V2-0019.mp4,,00:00:08:85,,,5120 x 2700,r3d,"A smiling local woman shows off her brightly coloured sarongs, Bontoh village, Sangeang Island, Sumbawa, Indonesia, No Model Release",Woman-sarongs-village,,"Sumbawa, Indonesia",Culture,,,,,16,,,,,DSMC2 GEMINI 5K S35,,,REDcode 8:1,96,,,,,,,,,,1.09,Editorial,Standard
A031_C024_0915R9_V2-0014.mp4,,00:01:18:17,,,5120 x 2160,r3d,"A large school of elongate surgeonfish, Acanthurus mata, with giant trevally, Caranx ignobilis, lurking behind, Komodo National Park, Indonesia, Pacific Ocean",wide-shot-surgeonfish-school-giant-trevally,,"Komodo, Indonesia",Underwater,,,,,16,,,,,DSMC2 GEMINI 5K S35,,,REDcode 4:1,59.94,,,,,,,,,,2.37,Commercial,Premium
A032_C094_09170N_V2-0022.mp4,,00:00:12:11,,,5120 x 2700,r3d,"Pan from left to right across two women standing in front of local homes with goats and chickens, Bontoh village, Sangeang Island, Sumbawa, Indonesia, No Model Release",wide-shot-ladies-villagers-front-of-huts-goat,,"Sumbawa, Indonesia",Culture,,,,,16,,,,,DSMC2 GEMINI 5K S35,,,REDcode 8:1,96,,,,,,,,,,1.09,Editorial,Standard
A032_C098_09171M_V2-0026.mp4,,00:00:35:06,,,5120 x 2700,r3d,"Colourful sarongs on a laundry line blowing in the wind on a beach, Bontoh village, Sangeang Island, Sumbawa, Indonesia",wide-colorful-local-fabric-hanging-in-the-wind,,"Sumbawa, Indonesia",Culture,,,,,16,,,,,DSMC2 GEMINI 5K S35,,,REDcode 8:1,96,,,,,,,,,,1.09,Commercial,Standard
A031_C016_09153P_V2-0005.mp4,,00:00:33:48,,,5120 x 2160,r3d,"A whitetip reef shark, Triaenodon obesus, swims in the water column surrounded by schools of fusiliers including Caesio xanthonota and Caesio teres, Komodo National Park, Indonesia, Pacific Ocean",white-tip-reefshark-reveal-fusillier-background,,"Komodo, Indonesia",Underwater,,,,,16,,,,,DSMC2 GEMINI 5K S35,,,REDcode 4:1,59.94,,,,,,,,,,2.37,Commercial,Premium
A032_C007_0916DG_001.R3D,,00:00:23:46,,,5120 x 2160,r3d,"A whitetip reef shark, Triaenodon obesus, sits under a ledge in the Komodo National Park, Indonesia, Pacific Ocean",white-tip-reef-shark-overhang-wide,,"Komodo, Indonesia",Underwater,,,,,16,,,,,DSMC2 GEMINI 5K S35,,,REDcode 4:1,59.94,,,,DSMC2 GEMINI 5K S35,,,,,,2:37,Commercial,Premium
A032_C008_0916UY_001.R3D,,00:00:16:52,,,5120 x 2160,r3d,"Close-up view of a whitetip reef shark, Triaenodon obesus, sitting under a ledge in the Komodo National Park, Indonesia, Pacific Ocean",white-tip-reef-shark-overhang-mid,,"Komodo, Indonesia",Underwater,,,,,16,,,,,DSMC2 GEMINI 5K S35,,,REDcode 4:1,59.94,,,,DSMC2 GEMINI 5K S35,,,,,,2:37,Commercial,Premium
A032_C016_0916BO_001.R3D,,00:00:14:05,,,5120 x 2160,r3d,"Several species of fish such as trevally and a whitetip reef shark, Triaenodon obesus, are silhouetted while swimming in an underwater canyon, Komodo National Park, Indonesia, Pacific Ocean",white-tip-reef-shark-fish-above-canyon-komodo,,"Komodo, Indonesia",Underwater,,,,,16,,,,,DSMC2 GEMINI 5K S35,,,REDcode 4:1,59.94,,,,DSMC2 GEMINI 5K S35,,,,,,2.37,Commercial,Premium
A031_C050_0916PZ_V1-0086.mp4,,00:01:00:03,,,5120 x 2700,r3d,"Slow-motion pushing forward over streams of volcanic bubbles rising from the black sand seabed at Sangeang Volcano, Sumbawa, Indonesia, Pacific Ocean",volcanic-bubble-activity-underwater-black-sand,,"Sumbawa, Indonesia",Underwater,,,,,16,,,,,DSMC2 GEMINI 5K S35,,,REDcode 5:1,59.94,,,,,,,,,,1.09,Commercial,Standard
A031_C049_0916A2_V1-0085.mp4,,00:00:12:02,,,5120 x 2700,r3d,"Wide slow-motion shot of volcanic bubbles streaming out of the black sand at Sangeang Island, Sumbawa, Indonesia, Pacific Ocean",volcanic-activity-underwater-black-sand,,"Sumbawa, Indonesia",Underwater,,,,,16,,,,,DSMC2 GEMINI 5K S35,,,REDcode 5:1,59.94,,,,,,,,,,1.09,Commercial,Premium
A031_C051_09160C_V1-0088.mp4,,00:00:43:02,,,5120 x 2700,r3d,"Streams of volcanic bubbles rise from the black sand seafloor of Sangeang Island, Sumbawa, Indonesia, Pacific Ocean",Volcanic-activity-swell-black-sand-underwater,,"Sumbawa, Indonesia",Underwater,,,,,16,,,,,DSMC2 GEMINI 5K S35,,,REDcode 5:1,59.94,,,,,,,,,,1.09,Commercial,Premium
A032_C108_091766_V1-0073.mp4,,00:00:18:89,,,5120 x 2700,r3d,"A man walks beneath a drying line hung with colourful sarongs, Bontoh village, Sangeang Island, Sumbawa, Indonesia, No Model Release",Villager-walking-through-colorful-sarongs,,"Sumbawa, Indonesia",Culture,,,,,16,,,,,DSMC2 GEMINI 5K S35,,,REDcode 8:1,96,,,,,,,,,,1.09,Editorial,Standard
A032_C105_0917PS_V2-0033.mp4,,00:00:54:06,,,5120 x 2700,r3d,"A local man walks away from his small boat across the beach towards the village, Bontoh village, Sangeang Island, Sumbawa, Indonesia, No Model Release",villager-local-traditional-boat-indonesia-walking-away,,"Sumbawa, Indonesia",Culture,,,,,16,,,,,DSMC2 GEMINI 5K S35,,,REDcode 8:1,96,,,,,,,,,,1.09,Editorial,Standard
A032_C105_0917PS_V2-0032.mp4,,00:00:54:06,,,5120 x 2700,r3d,"A village man pushes his small wooden boat out to sea, Bontoh village, Sangeang Island, Sumbawa, Indonesia, No Model Release",villager-local-traditional-boat-indonesia,,"Sumbawa, Indonesia",Culture,,,,,16,,,,,DSMC2 GEMINI 5K S35,,,REDcode 8:1,96,,,,,,,,,,1.09,Editorial,Standard
A032_C135_0917XI_V1-0076.mp4,,00:00:26:104,,,5120 x 2160,r3d,"Two young girls playing in the sea, Bontoh village, Sangeang Island, Sumbawa, Indonesia, No Model Release",Village-girls-playing-in-the-sea,,"Sumbawa, Indonesia",Culture,,,,,16,,,,,DSMC2 GEMINI 5K S35,,,REDcode 8:1,120,,,,,,,,,,2.37,Editorial,Standard
A033_C013_09170B_V1-0090.mp4,,00:01:56:81,,,5120 x 2160,r3d,"Schools of colourful anthias and damselfish swim above a healthy hard and soft coral reef, Komodo National Park, Indonesia, Pacific Ocean",very-slow-slomo-push-towards-coral-reef,,"Komodo, Indonesia",Underwater,,,,,16,,,,,DSMC2 GEMINI 5K S35,,,REDcode 7:1,96,,,,,,,,,,2.37,Commercial,Premium
A033_C013_09170B_V1-0091.mp4,,00:01:56:81,,,5120 x 2160,r3d,"Schools of colourful anthias and damselfish swim above a healthy hard and soft coral reef, Komodo National Park, Indonesia, Pacific Ocean",very-slow-slomo-push-towards-coral-reef,,"Komodo, Indonesia",Underwater,,,,,16,,,,,DSMC2 GEMINI 5K S35,,,REDcode 7:1,96,,,,,,,,,,2.37,Commercial,Premium
A032_C139_0918JK_001.R3D,,00:01:26:52,,,5120 x 2700,r3d,"A green turtle, Chelonia mydas, swims through the water column backlit with sun rays, Komodo National Park, Indonesia, Pacific Ocean",Turtle-swimming-water-column-sun,,"Komodo, Indonesia",Underwater,,,,,16,,,,,DSMC2 GEMINI 5K S35,,,REDcode 5:1,59.94,,,,DSMC2 GEMINI 5K S35,,,,,,1:09,Commercial,Premium
A032_C140_0918QW_001.R3D,,00:00:54:48,,,5120 x 2700,r3d,"A green turtle, Chelonia mydas, swims behind the coral, Komodo National Park, Indonesia, Pacific Ocean",turtle-swimming-behind-coral,,"Komodo, Indonesia",Underwater,,,,,16,,,,,DSMC2 GEMINI 5K S35,,,REDcode 5:1,59.94,,,,DSMC2 GEMINI 5K S35,,,,,,1:09,Commercial,Premium
A032_C140_0918QW_001.R3D,,00:00:54:48,,,5120 x 2700,r3d,"A green turtle, Chelonia mydas, hides behind corals, Komodo National Park, Indonesia, Pacific Ocean",turtle-hiding-behind-coral,,"Komodo, Indonesia",Underwater,,,,,16,,,,,DSMC2 GEMINI 5K S35,,,REDcode 5:1,59.94,,,,DSMC2 GEMINI 5K S35,,,,,,1:09,Commercial,Premium
A032_C107_0917B5_V1-0072.mp4,,00:00:40:91,,,5120 x 2700,r3d,"A local boatbuilder with a cigarette in his mouth walks down a ladder from a boat under construction, Sangeang Island, Sumbawa, Indonesia, No Model Release",tight-shot-boat-builder-going-down-ladder,,"Sumbawa, Indonesia",Culture,,,,,16,,,,,DSMC2 GEMINI 5K S35,,,REDcode 8:1,96,,,,,,,,,,1.09,Editorial,Standard
A030_C048_091548_001.R3D,,00:01:08:59,,,5120 x 2160,r3d,"A healthy shallow coral reef full of branching Acropora corals, Komodo National Park, Indonesia, Pacific Ocean",swimming-over-healthy_acropora,,"Komodo, Indonesia",Underwater,,,,,16,,,,,DSMC2 GEMINI 5K S35,,,REDcode 4:1,59.94,,,,DSMC2 GEMINI 5K S35,,,,,,2.37,Commercial,Premium
A033_C109_0919S5_001.R3D,,00:00:08:20,,,5120 x 2160,r3d,"Sunset over the waters of Komodo National Park with a traditional phinisi boat in the foreground, Komodo National Park, Indonesia, Pacific Ocean",sunset-komodo-boat-clouds,,"Komodo, Indonesia",Landscape,,,,,16,,,,,DSMC2 GEMINI 5K S35,,,REDcode 4:1,59.94,,,,DSMC2 GEMINI 5K S35,,,,,,2:37,Commercial,Standard
A032_C149_0918FB_001.R3D,,00:00:52:12,,,5120 x 2700,r3d,"Sun rays diffusing in shallow blue water, Komodo National Park, Indonesia, Pacific Ocean",sunrays-underwater-late-afternoon,,"Komodo, Indonesia",Underwater,,,,,16,,,,,DSMC2 GEMINI 5K S35,,,REDcode 5:1,59.94,,,,DSMC2 GEMINI 5K S35,,,,,,1:09,Commercial,Premium
A032_C149_0918FB_001.R3D,,00:00:52:12,,,5120 x 2700,r3d,"Diffused sun rays in shallow blue water, Komodo National Park, Indonesia, Pacific Ocean",Sunrays-underwater-afternoon-light,,"Komodo, Indonesia",Underwater,,,,,16,,,,,DSMC2 GEMINI 5K S35,,,REDcode 5:1,59.94,,,,DSMC2 GEMINI 5K S35,,,,,,1:09,Commercial,Premium
A032_C149_0918FB_001.R3D,,00:00:52:12,,,5120 x 2700,r3d,"Sun rays diffusing through shallow blue water, Komodo National Park, Indonesia, Pacific Ocean",sunrays-underwater-afternoon,,"Komodo, Indonesia",Underwater,,,,,16,,,,,DSMC2 GEMINI 5K S35,,,REDcode 5:1,59.94,,,,DSMC2 GEMINI 5K S35,,,,,,1:09,Commercial,Premium
A033_C111_0919KW_001.R3D,,00:00:46:48,,,5120 x 2160,r3d,"Sunset over the waters of Komodo National Park, with a speedboat crossing in front of a traditional phinisi boat, Komodo National Park, Indonesia, Pacific Ocean",speedboat-crossing-sunset-reflection-sea,,"Komodo, Indonesia",Landscape,,,,,16,,,,,DSMC2 GEMINI 5K S35,,,REDcode 4:1,59.94,,,,DSMC2 GEMINI 5K S35,,,,,,2:37,Commercial,Standard
A032_C124_0917D6_V1-0074.mp4,,00:00:58:09,,,5120 x 2160,r3d,"Sunlight from the setting sun shines and sparkles on the surface of the ocean, Sumbawa, Indonesia, Pacific Ocean",sparkling-light-reflecting-sea-surface,,"Sumbawa, Indonesia",Underwater,,,,,16,,,,,DSMC2 GEMINI 5K S35,,,REDcode 8:1,120,,,,,,,,,,2.37,Commercial,Premium
A033_C050_0917DX_V1-0108.mp4,,00:00:43:58,,,5120 x 2700,r3d,"Parrotfish (Scarus tricolor), sea bream (Monotaxis heterodon), chromis and ribbon sweetlips (Plectorhinchus polytaenia) on a coral reef, Komodo National Park, Indonesia, Pacific Ocean",smallgroup-yellow-ribbon-sweetlips-and-fish-corals,,"Komodo, Indonesia",Underwater,,,,,16,,,,,DSMC2 GEMINI 5K S35,,,REDcode 5:1,59.94,,,,,,,,,,1.09,Commercial,Premium
A033_C081_0918B5_001.R3D,,00:01:50:04,,,5120 x 2700,r3d,"A small group of dolphins emerging from the water to breathe, Komodo National Park, Indonesia, Pacific Ocean",Small-group-dolphins-surfacing,,"Komodo, Indonesia",Marine Life,,,,,16,,,,,DSMC2 GEMINI 5K S35,,,REDcode 8:1,96,,,,DSMC2 GEMINI 5K S35,,,,,,1:09,Commercial,Standard
A033_C084_0918P8_001.R3D,,00:00:35:03,,,5120 x 2700,r3d,"A small group of dolphins emerging from the water to breathe, Komodo National Park, Indonesia, Pacific Ocean",Small-group-dolphins-surface,,"Komodo, Indonesia",Marine Life,,,,,16,,,,,DSMC2 GEMINI 5K S35,,,REDcode 8:1,96,,,,DSMC2 GEMINI 5K S35,,,,,,1:09,Commercial,Standard
A033_C080_091838_001.R3D,,00:00:35:19,,,5120 x 2700,r3d,"A small group of dolphins emerging from the water to breathe, Komodo National Park, Indonesia, Pacific Ocean",Small-group-dolphins-emerging-sea,,"Komodo, Indonesia",Marine Life,,,,,16,,,,,DSMC2 GEMINI 5K S35,,,REDcode 8:1,96,,,,DSMC2 GEMINI 5K S35,,,,,,1:09,Commercial,Standar
A033_C083_0918MG_001.R3D,,00:01:54:10,,,5120 x 2700,r3d,"A small group of dolphins emerging from the water to breathe, Komodo National Park, Indonesia, Pacific Ocean",Small-group-dolphins,,"Komodo, Indonesia",Marine Life,,,,,16,,,,,DSMC2 GEMINI 5K S35,,,REDcode 8:1,96,,,,DSMC2 GEMINI 5K S35,,,,,,1:09,Commercial,Standard
A030_C045_09156T_001.R3D,,00:00:50:51,,,5120 x 2160,r3d,"Camera pushes forward over a healthy stand of branching coral, Acropora sp., with resident anthias and damselfish, Komodo National Park, Indonesia, Pacific Ocean",small-anthias-over-coral-reef,,"Komodo, Indonesia",Underwater,,,,,16,,,,,DSMC2 GEMINI 5K S35,,,REDcode 4:1,59.94,,,,DSMC2 GEMINI 5K S35,,,,,,2.37,Commercial,Premium
A030_C060_0915PM_V2-0001.mp4,,00:00:49:51,,,5120 x 2160,r3d,"Pushing towards a healthy coral reef with a large variety of tropical fish including a pair of panda butterflyfish, Chaetodon adiergastos, anthias, damselfish and more, Komodo National Park, Indonesia, Pacific Ocean",slow-push-towards-reef-fish-corals,,"Komodo, Indonesia",Underwater,,,,,16,,,,,DSMC2 GEMINI 5K S35,,,REDcode 4:1,59.94,,,,,,,,,,2.37,Commercial,Premium
A033_C006_0917EY_V1-0083.mp4,,00:00:25:00,,,5120 x 2160,r3d,"Slow-motion push towards staghorn and Xenia corals with a resident group of damselfish in the water column, Komodo National Park, Indonesia, Pacific Ocean",slow-push-slomo-to-coral-reef-with-damselfish,,"Komodo, Indonesia",Underwater,,,,,16,,,,,DSMC2 GEMINI 5K S35,,,REDcode 8:1,120,,,,,,,,,,2.37,Commercial,Premium
A033_C011_0917NZ_V1-0087.mp4,,00:01:22:86,,,5120 x 2160,r3d,"Slow-motion forward push over healthy hard and soft corals in clear blue water, with damselfish and surgeonfish in the water column, Komodo National Park, Indonesia, Pacific Ocean",slow-push-slomo-over-healthy-corals,,"Komodo, Indonesia",Underwater,,,,,16,,,,,DSMC2 GEMINI 5K S35,,,REDcode 7:1,96,,,,,,,,,,2.37,Commercial,Premium
A033_C006_0917EY_V1-0082.mp4,,00:00:36:13,,,5120 x 2160,r3d,"Slow-motion push towards staghorn and Xenia corals with a resident group of damselfish in the water column, Komodo National Park, Indonesia, Pacific Ocean",slow-push-slomo-over-coral-reef-damselfish,,"Komodo, Indonesia",Underwater,,,,,16,,,,,DSMC2 GEMINI 5K S35,,,REDcode 8:1,120,,,,,,,,,,2.37,Commercial,Premium
A033_C006_0917EY_V1-0081.mp4,,00:00:27:16,,,5120 x 2160,r3d,"Slow-motion push towards staghorn and Xenia corals with a resident group of damselfish in the water column, Komodo National Park, Indonesia, Pacific Ocean",slow-push-over-soft-corals-reef,,"Komodo, Indonesia",Underwater,,,,,16,,,,,DSMC2 GEMINI 5K S35,,,REDcode 8:1,120,,,,,,,,,,2.37,Commercial,Premium
A033_C001_09177S_V1-0079.mp4,,00:01:41:04,,,5120 x 2160,r3d,"Camera pushing forward over a variety of healthy Acropora sp. corals, including table and staghorn forms; leather corals and soft corals cover the reef, with damselfish and chromis in the water column, Komodo National Park, Indonesia, Pacific Ocean",slow-push-over-healthy-diverse-coral-reef,,"Komodo, Indonesia",Underwater,,,,,16,,,,,DSMC2 GEMINI 5K S35,,,REDcode 8:1,120,,,,,,,,,,2.37,Commercial,Premium
A033_C003_091749_V1-0080.mp4,,00:01:12:08,,,5120 x 2160,r3d,"Camera pushing forward over healthy table corals, Acropora sp., on a healthy coral reef with a variety of damselfish and chromis in the water column, Komodo National Park, Indonesia, Pacific Ocean",slow-push-over-coral-reef,,"Komodo, Indonesia",Underwater,,,,,16,,,,,DSMC2 GEMINI 5K S35,,,REDcode 8:1,120,,,,,,,,,,2.37,Commercial,Premium
A033_C009_0917ZY_V1-0084.mp4,,00:00:44:02,,,5120 x 2160,r3d,"Camera pushing forward over a variety of healthy Acropora sp. corals, including table and staghorn forms; leather corals and soft corals cover the reef, with damselfish, anthias and chromis in the water column, Komodo National Park, Indonesia, Pacific Ocean",slow-orbit-slomo-over-coral-reef,,"Komodo, Indonesia",Underwater,,,,,16,,,,,DSMC2 GEMINI 5K S35,,,REDcode 7:1,96,,,,,,,,,,2.37,Commercial,Premium
A033_C057_0917D8_V1-0110.mp4,,00:00:34:05,,,5120 x 2700,r3d,"Camera pushes forward over hard and soft corals with damselfish and chromis swimming in the water column, Komodo National Park, Indonesia, Pacific Ocean",slomo-push-towards-damselfish-acropora-and-fish,,"Komodo, Indonesia",Underwater,,,,,16,,,,,DSMC2 GEMINI 5K S35,,,REDcode 5:1,59.94,,,,,,,,,,1.09,Commercial,Premium
A033_C012_09172P_V1-0089.mp4,,00:00:26:07,,,5120 x 2160,r3d,"Healthy shallow coral reef with a variety of hard and soft corals with schools of damselfish and anthias in the blue water column, Komodo National Park, Indonesia, Pacific Ocean",slomo-push-towards-coral-reef,,"Komodo, Indonesia",Underwater,,,,,16,,,,,DSMC2 GEMINI 5K S35,,,REDcode 7:1,96,,,,,,,,,,2.37,Commercial,Premium
A033_C015_0917HA_V1-0092.mp4,,00:01:15:10,,,5120 x 2160,r3d,"Colourful anthias and damselfish swim in the water column above a healthy branching Acropora coral with Porites sp. coral on the left and blue water, Komodo National Park, Indonesia, Pacific Ocean",slomo-damselfish-healthy-corals,,"Komodo, Indonesia",Underwater,,,,,16,,,,,DSMC2 GEMINI 5K S35,,,REDcode 7:1,96,,,,,,,,,,2.37,Commercial,Premium
A030_C016_09154R_001.R3D,,00:00:10:48,,,4800 x 2700,r3d,"Panning from right to left across a school of blue streak fusiliers, Pterocaesio tile, Komodo National Park, Indonesia, Pacific Ocean",school-of-fusilliers-near-reef,,"Komodo, Indonesia",Underwater,,,,,16,,,,,DSMC2 GEMINI 5K S35,,,REDcode 5:1,59.94,,,,DSMC2 GEMINI 5K S35,,,,,,"0,095833333",Commercial,Premium
A030_C015_09154U_001.R3D,,00:00:43:01,,,4800 x 2700,r3d,"Camera pushes through a school of blue streak fusiliers, Pterocaesio tile, swimming over a bare current-swept bottom, Komodo National Park, Indonesia, Pacific Ocean",school-of-fusilliers-near-bottom,,"Komodo, Indonesia",Underwater,,,,,16,,,,,DSMC2 GEMINI 5K S35,,,REDcode 5:1,59.94,,,,DSMC2 GEMINI 5K S35,,,,,,"0,095833333",Commercial,Premium
A033_C034_09174F_V1-0105.mp4,,00:00:44:00,,,5120 x 2700,r3d,"Tightly packed school of blue streak fusiliers, Pterocaesio tile, move right to left in a tight school in the water column, Komodo National Park, Indonesia, Pacific Ocean",school-fusilliers-swimming-diagonally-upward-slomo,,"Komodo, Indonesia",Underwater,,,,,16,,,,,DSMC2 GEMINI 5K S35,,,REDcode 5:1,59.94,,,,,,,,,,1.09,Commercial,Premium
A033_C039_0917BE_V1-0106.mp4,,00:01:09:50,,,5120 x 2700,r3d,"Large school of blue streak fusiliers, Pterocaesio tile, swim in the water column above a coral reef in Komodo National Park, Indonesia, Pacific Ocean",school-fusilliers-left-to-righ-slomo,,"Komodo, Indonesia",Underwater,,,,,16,,,,,DSMC2 GEMINI 5K S35,,,REDcode 5:1,59.94,,,,,,,,,,1.09,Commercial,Premium
A032_C085_0917CU_V2-0017.mp4,,00:00:05:13,,,5120 x 2700,r3d,"A landscape view of low clouds drifting over the volcanic peaks of Sangeang Island, Sumbawa, Indonesia",sangeang-clouds-landscape,,"Sumbawa, Indonesia",Landscape,,,,,16,,,,,DSMC2 GEMINI 5K S35,,,REDcode 5:1,59.94,,,,,,,,,,1.09,Editorial,Standard
A032_C082_0916ES_V1-0147.mp4,,00:00:43:43,,,5120 x 2700,r3d,"A roughsnout pipefish, Solenostomus paenia, hiding in seagrass, Komodo National Park, Indonesia, Pacific Ocean",Roughsnout-ghostpipefish-sideview-seagrass-one,,"Komodo, Indonesia",Underwater,,,,,16,,,,,DSMC2 GEMINI 5K S35,,,REDcode 5:1,59.94,,,,,,,,,,1.09,Commercial,Standard
A032_C081_091688_V1-0146.mp4,,00:00:34:09,,,5120 x 2700,r3d,"A roughsnout pipefish, Solenostomus paenia, hiding in seagrass, Komodo National Park, Indonesia, Pacific Ocean",roughsnout-ghostpipefish-sideview-seagrass,,"Komodo, Indonesia",Underwater,,,,,16,,,,,DSMC2 GEMINI 5K S35,,,REDcode 5:1,59.94,,,,,,,,,,1.09,Commercial,Premium
A008_D001_0507HF_001.R3D,/Volumes/SSD4TB/Raptor UW 7 May/A008_D001_0507HF.RDC,00:01:39:01,,,7680 x 4320,r3d,"A large group of ribboned sweetlips, Plectorhinchus polytaenia, tightly packed together to avoid predators in Raja Ampat, Indonesia, Pacific Ocean",ribbon-sweetlips-school,,"Raja Ampat, Indonesia",Underwater,,,,,16,,,,A008_D001_0507HF_001.R3D,V-RAPTOR 8K VV,,,MQ,32,,,,V-RAPTOR VV,,,,,,1.78,Commercial,Premium
A033_C061_09176I_V1-0113.mp4,,00:04:17:40,,,5120 x 2700,r3d,"A common reef octopus, Octopus cyanea, hunting in coral rubble using a tent or parachute feeding technique, while small groupers and goatfish wait nearby for potential prey to be flushed out, Komodo National Park, Indonesia, Pacific Ocean",reef-octopus-looking-for-food-coral-rubble-from-above,,"Komodo, Indonesia",Underwater,,,,,16,,,,,DSMC2 GEMINI 5K S35,,,REDcode 5:1,59.94,,,,,,,,,,1.09,Commercial,Premium
A033_C061_09176I_V1-0114.mp4,,00:04:17:40,,,5120 x 2700,r3d,"A common reef octopus, Octopus cyanea, hunting in coral rubble using a tent or parachute feeding technique, while small groupers and goatfish wait nearby for potential prey to be flushed out, Komodo National Park, Indonesia, Pacific Ocean",reef-octopus-looking-for-food-coral-rubble-from-above,,"Komodo, Indonesia",Underwater,,,,,16,,,,,DSMC2 GEMINI 5K S35,,,REDcode 5:1,59.94,,,,,,,,,,1.09,Commercial,Premium
A033_C061_09176I_V1-0115.mp4,,00:04:17:40,,,5120 x 2700,r3d,"A common reef octopus, Octopus cyanea, hunting in coral rubble using a tent or parachute feeding technique, while small groupers and goatfish wait nearby for potential prey to be flushed out, Komodo National Park, Indonesia, Pacific Ocean",reef-octopus-looking-for-food-coral-rubble-from-above,,"Komodo, Indonesia",Underwater,,,,,16,,,,,DSMC2 GEMINI 5K S35,,,REDcode 5:1,59.94,,,,,,,,,,1.09,Commercial,Premium
A033_C061_09176I_V1-0116.mp4,,00:04:17:40,,,5120 x 2700,r3d,"A common reef octopus, Octopus cyanea, hunting in coral rubble using a tent or parachute feeding technique, while small groupers and goatfish wait nearby for potential prey to be flushed out, Komodo National Park, Indonesia, Pacific Ocean",reef-octopus-looking-for-food-coral-rubble-from-above,,"Komodo, Indonesia",Underwater,,,,,16,,,,,DSMC2 GEMINI 5K S35,,,REDcode 5:1,59.94,,,,,,,,,,1.09,Commercial,Premium
A033_C060_0917B4_V1-0111.mp4,,00:07:08:14,,,5120 x 2700,r3d,"A common reef octopus, Octopus cyanea, hunting in coral rubble while small groupers and goatfish wait nearby for potential prey to be flushed out, Komodo National Park, Indonesia, Pacific Ocean",reef-octopus-looking-for-food-coral-rubble,,"Komodo, Indonesia",Underwater,,,,,16,,,,,DSMC2 GEMINI 5K S35,,,REDcode 5:1,59.94,,,,,,,,,,1.09,Commercial,Premium
A033_C060_0917B4_V1-0112.mp4,,00:07:08:14,,,5120 x 2700,r3d,"A common reef octopus, Octopus cyanea, hunting in coral rubble while small groupers and goatfish wait nearby for potential prey to be flushed out, Komodo National Park, Indonesia, Pacific Ocean",Reef-octopus-looking-for-food-coral-rubble,,"Komodo, Indonesia",Underwater,,,,,16,,,,,DSMC2 GEMINI 5K S35,,,REDcode 5:1,59.94,,,,,,,,,,1.09,Commercial,Premium
A032_C038_0916EG_001.R3D,,00:01:21:55,,,5120 x 2160,r3d,"A reef manta ray, Mobula alfredi, cruises left to right through a healthy coral reef, Komodo National Park, Indonesia, Pacific Ocean",Reef-manta-cruising-left-to-right-komodo,,"Komodo, Indonesia",Underwater,,,,,16,,,,,DSMC2 GEMINI 5K S35,,,REDcode 4:1,59.94,,,,DSMC2 GEMINI 5K S35,,,,,,2.37,Commercial,Premium
A032_C041_0916ML_001.R3D,,00:00:30:54,,,5120 x 2160,r3d,"A reef manta ray, Mobula alfredi, cruises from left to right over the corals of south Komodo Island as seen from above, Komodo National Park, Indonesia, Pacific Ocean",Reef-manta-cruising-left-to-right-from-above,,"Komodo, Indonesia",Underwater,,,,,16,,,,,DSMC2 GEMINI 5K S35,,,REDcode 4:1,59.94,,,,DSMC2 GEMINI 5K S35,,,,,,2.37,Commercial,Premium
A032_C046_09166R_001.R3D,,00:01:03:04,,,5120 x 2160,r3d,"Close-up pushing past a red sea fan in afternoon light with tropical fish in the water column, Komodo National Park, Indonesia, Pacific Ocean",red-seafan-coral-reef-komodo,,"Komodo, Indonesia",Underwater,,,,,16,,,,,DSMC2 GEMINI 5K S35,,,REDcode 4:1,59.94,,,,DSMC2 GEMINI 5K S35,,,,,,2.37,Commercial,Premium
A033_C052_0917MG_V1-0109.mp4,,00:00:38:12,,,5120 x 2700,r3d,"Forward push towards two different species of giant sponge, the orange Clathria flabellifera in the foreground and the barrel sponge, Xestospongia testudinaria, in the background, Komodo National Park, Indonesia, Pacific Ocean",push-towards-big-barrel-sponge,,"Komodo, Indonesia",Underwater,,,,,16,,,,,DSMC2 GEMINI 5K S35,,,REDcode 5:1,59.94,,,,,,,,,,1.09,Commercial,Premium
A032_C057_0916GN_V1-0123.mp4,,00:00:24:59,,,5120 x 2700,r3d,"Purple-tipped Costasiella nudibranch (Shaun the Sheep slug) on a seagrass blade, Komodo National Park, Indonesia, Pacific Ocean",Purple-tipped Costasiella-shawn-the-sheep-nudibranch,,"Komodo, Indonesia",Underwater,,,,,16,,,,,DSMC2 GEMINI 5K S35,,,REDcode 5:1,59.94,,,,,,,,,,1.09,Commercial,Premium
A032_C075_0916L0_V1-0141.mp4,,00:01:21:02,,,5120 x 2700,r3d,"Beautiful flabellina nudibranch, Coryphellina rubrolineata, crawling on volcanic black sand, Komodo National Park, Indonesia, Pacific Ocean",purple-flabellina-nudibranch-sideview,,"Komodo, Indonesia",Underwater,,,,,16,,,,,DSMC2 GEMINI 5K S35,,,REDcode 5:1,59.94,,,,,,,,,,1.09,Commercial,Standard
A032_C076_09162V_V1-0142.mp4,,00:01:08:47,,,5120 x 2700,r3d,"Beautiful flabellina nudibranch, Coryphellina rubrolineata, crawling on volcanic black sand, Komodo National Park, Indonesia, Pacific Ocean",purple-flabellina-nudibranch-front-view,,"Komodo, Indonesia",Underwater,,,,,16,,,,,DSMC2 GEMINI 5K S35,,,REDcode 5:1,59.94,,,,,,,,,,1.09,Commercial,Standard
A032_C074_091650_V1-0140.mp4,,00:00:26:06,,,5120 x 2700,r3d,"Beautiful flabellina nudibranch, Coryphellina rubrolineata, crawling on volcanic black sand, Komodo National Park, Indonesia, Pacific Ocean",purple-flabellina-nudibranch,,"Komodo, Indonesia",Underwater,,,,,16,,,,,DSMC2 GEMINI 5K S35,,,REDcode 5:1,59.94,,,,,,,,,,1.09,Commercial,Standard
A032_C033_0916GP_001.R3D,,00:00:33:57,,,5120 x 2160,r3d,"Camera pushes up and over a healthy hard coral reef with a variety of species of coral and small tropical fish surrounded by a white sand bottom, Komodo National Park, Indonesia, Pacific Ocean",pristine-coralblock-acropora,,"Komodo, Indonesia",Underwater,,,,,16,,,,,DSMC2 GEMINI 5K S35,,,REDcode 4:1,59.94,,,,DSMC2 GEMINI 5K S35,,,,,,2.37,Commercial,Premium
A032_C106_0917GR_V1-0070.mp4,,00:00:15:88,,,5120 x 2700,r3d,"Traditional wooden boat being built in Bontoh village, Sangeang Island, Sumbawa, Indonesia",pan-to-right-boat-shipyard,,"Sumbawa, Indonesia",Culture,,,,,16,,,,,DSMC2 GEMINI 5K S35,,,REDcode 8:1,96,,,,,,,,,,1.09,Editorial,Standard
A032_C099_0917MD_V2-0027.mp4,,00:00:26:05,,,5120 x 2700,r3d,"Pan from left to right across traditional sarongs hanging on a line in the wind, Bontoh village, Sangeang Island, Sumbawa, Indonesia, No Model Release",pan-colorful-local-fabric-hanging-in-the-wind,,"Sumbawa, Indonesia",Culture,,,,,16,,,,,DSMC2 GEMINI 5K S35,,,REDcode 8:1,96,,,,,,,,,,1.09,Editorial,Standard
A033_C018_0917MV_V1-0094.mp4,,00:00:45:83,,,5120 x 2700,r3d,"Slow-motion camera pushing forward and orbiting a healthy shallow hard and soft coral reef with a variety of Acropora and Porites species such as table coral and branching corals along with damselfish and anthias, Komodo National Park, Indonesia, Pacific Ocean",orbit-slomo-coralreef-wide-scene-damselfish,,"Komodo, Indonesia",Underwater,,,,,16,,,,,DSMC2 GEMINI 5K S35,,,REDcode 8:1,96,,,,,,,,,,1.09,Commercial,Premium
A030_C051_0915ME_001.R3D,,00:00:29:04,,,5120 x 2160,r3d,"Schools of tropical fish such as anthias and damselfish swarm the water column above a healthy reef of branching hard corals, Komodo National Park, Indonesia, Pacific Ocean",orbit-over-healthy-diverse-reef,,"Komodo, Indonesia",Underwater,,,,,16,,,,,DSMC2 GEMINI 5K S35,,,REDcode 4:1,59.94,,,,DSMC2 GEMINI 5K S35,,,,,,2.37,Commercial,Premium
A033_C021_0917BR_V1-0096.mp4,,00:01:58:81,,,5120 x 2700,r3d,"Crane style orbit up and over a rich coral bommie with a red sea fan, colourful soft corals and Acropora sp. branching corals and small tropical fish, Komodo National Park, Indonesia, Pacific Ocean",orbit-coralhead-softcorals-current-slomo,,"Komodo, Indonesia",Underwater,,,,,16,,,,,DSMC2 GEMINI 5K S35,,,REDcode 8:1,96,,,,,,,,,,1.09,Commercial,Premium
A031_C059_0916BQ_V1-0100.mp4,,00:00:42:58,,,5120 x 2700,r3d,"A honeycomb moray, Gymnothorax favagineus, looks out from an overhang, surrounded by a school of ringtail cardinalfish, Ostorhinchus aureus, and other cardinalfish, with a lionfish above, Komodo National Park, Indonesia, Pacific Ocean",moray-leopard-overhang-glass-sweepers,,"Komodo, Indonesia",Underwater,,,,,16,,,,,DSMC2 GEMINI 5K S35,,,REDcode 5:1,59.94,,,,,,,,,,1.09,Commercial,Premium
A031_C061_091653_V1-0102.mp4,,00:00:50:03,,,5120 x 2700,r3d,"A honeycomb moray, Gymnothorax favagineus, looks out from an overhang, surrounded by a school of ringtail cardinalfish, Ostorhinchus aureus, and other cardinalfish, with a lionfish above, Komodo National Park, Indonesia, Pacific Ocean",moray-leopard-overhang-glass-sweepers,,"Komodo, Indonesia",Underwater,,,,,16,,,,,DSMC2 GEMINI 5K S35,,,REDcode 5:1,59.94,,,,,,,,,,1.09,Commercial,Premium
A032_C006_0916B8_001.R3D,,00:00:48:40,,,5120 x 2160,r3d,"Moorish idols, Zanclus cornutus, and anthias swim around red barrel sponges, Xestospongia muta, Komodo National Park, Indonesia, Pacific Ocean",moorish-idol-group-over-coralhead-barrel-sponges,,"Komodo, Indonesia",Underwater,,,,,16,,,,,DSMC2 GEMINI 5K S35,,,REDcode 4:1,59.94,,,,DSMC2 GEMINI 5K S35,,,,,,2:37,Commercial,Premium
A032_C003_0916O6_001.R3D,,00:00:43:41,,,5120 x 2160,r3d,"A moorish idol, Zanclus cornutus, inspects a large red barrel sponge, Xestospongia muta, Komodo National Park, Indonesia, Pacific Ocean",Moorish-idol-fish-in-barrel-sponge,,"Komodo, Indonesia",Underwater,,,,,16,,,,,DSMC2 GEMINI 5K S35,,,REDcode 4:1,59.94,,,,DSMC2 GEMINI 5K S35,,,,,,2:37,Commercial,Premium
A032_C096_09179B_V2-0024.mp4,,00:00:36:04,,,5120 x 2700,r3d,"A local man smoking interacts with his daughter, Bontoh village, Sangeang Island, Sumbawa, Indonesia, No Model Release",mid-shot-villager-smoking,,"Sumbawa, Indonesia",Culture,,,,,16,,,,,DSMC2 GEMINI 5K S35,,,REDcode 8:1,96,,,,,,,,,,1.09,Editorial,Standard
A032_C083_09176H_V2-0016.mp4,,00:00:05:12,,,5120 x 2700,r3d,"A Melibe nudibranch, Melibe viridis, feeding with its hooded oral veil, sweeping the benthos for prey, Komodo National Park, Indonesia, Pacific Ocean",melibe-nudibranch-feeding,,"Komodo, Indonesia",Underwater,,,,,16,,,,,DSMC2 GEMINI 5K S35,,,REDcode 5:1,59.94,,,,,,,,,,1.09,Commercial,Premium
A030_C059_09157Z_001.R3D,,00:05:51:40,,,5120 x 2160,r3d,"A reef manta ray, Mobula alfredi, swims in the blue water column, Komodo National Park, Indonesia, Pacific Ocean",manta-wingspan-from-above,,"Komodo, Indonesia",Underwater,,,,,16,,,,,DSMC2 GEMINI 5K S35,,,REDcode 4:1,59.94,,,,DSMC2 GEMINI 5K S35,,,,,,2.37,Commercial,Premium
A030_C058_09158G_001.R3D,,00:02:24:49,,,5120 x 2160,r3d,"A reef manta ray, Mobula alfredi, swims past the camera showing its white belly with a remora attached, Komodo National Park, Indonesia, Pacific Ocean",manta-showing-belly,,"Komodo, Indonesia",Underwater,,,,,16,,,,,DSMC2 GEMINI 5K S35,,,REDcode 4:1,59.94,,,,DSMC2 GEMINI 5K S35,,,,,,2.37,Commercial,Premium
A032_C054_09165W_V1-0122.mp4,,00:00:36:07,,,5120 x 2700,r3d,"Close-up of the head and fins of an ornate ghost pipefish, Solenostomus paradoxus, hovering over a field of algae, Komodo National Park, Indonesia, Pacific Ocean",macro-yellow-ornate-ghostpipefish-algaes-seagrass,,"Komodo, Indonesia",Underwater,,,,,16,,,,,DSMC2 GEMINI 5K S35,,,REDcode 5:1,59.94,,,,,,,,,,1.09,Commercial,Premium
A032_C068_091633_V1-0136.mp4,,00:00:21:15,,,5120 x 2700,r3d,"A juvenile clown or warty frogfish, Antennarius maculatus, walking and using its lure to attract potential prey, Komodo National Park, Indonesia, Pacific Ocean",macro-wide-clown-frogfish-white,,"Komodo, Indonesia",Underwater,,,,,16,,,,,DSMC2 GEMINI 5K S35,,,REDcode 5:1,59.94,,,,,,,,,,1.09,Commercial,Premium
A032_C073_0916KG_V1-0139.mp4,,00:00:38:08,,,5120 x 2700,r3d,"A juvenile clown or warty frogfish, Antennarius maculatus, walking and using its lure to attract potential prey, Komodo National Park, Indonesia, Pacific Ocean",Macro-mid-clown-frogfish-white-two,,"Komodo, Indonesia",Underwater,,,,,16,,,,,DSMC2 GEMINI 5K S35,,,REDcode 5:1,59.94,,,,,,,,,,1.09,Commercial,Premium
A032_C072_0916GO_V1-0138.mp4,,00:00:52:45,,,5120 x 2700,r3d,"A juvenile clown or warty frogfish, Antennarius maculatus, walking and using its lure to attract potential prey, Komodo National Park, Indonesia, Pacific Ocean",Macro-mid-clown-frogfish-white-one,,"Komodo, Indonesia",Underwater,,,,,16,,,,,DSMC2 GEMINI 5K S35,,,REDcode 5:1,59.94,,,,,,,,,,1.09,Commercial,Premium
A032_C070_0916DT_V1-0137.mp4,,00:00:34:59,,,5120 x 2700,r3d,"A juvenile clown or warty frogfish, Antennarius maculatus, walking and using its lure to attract potential prey, Komodo National Park, Indonesia, Pacific Ocean",macro-mid-clown-frogfish-white,,"Komodo, Indonesia",Underwater,,,,,16,,,,,DSMC2 GEMINI 5K S35,,,REDcode 5:1,59.94,,,,,,,,,,1.09,Commercial,Premium
A032_C095_09179F_V2-0023.mp4,,00:00:14:94,,,5120 x 2700,r3d,"A village woman chewing betel nut, Bontoh village, Sangeang Island, Sumbawa, Indonesia, No Model Release",Local-woman-betelnut,,"Sumbawa, Indonesia",Culture,,,,,16,,,,,DSMC2 GEMINI 5K S35,,,REDcode 8:1,96,,,,,,,,,,1.09,Editorial,Standard
A032_C101_0917C4_V2-0029.mp4,,00:00:18:11,,,5120 x 2700,r3d,"Close-up of a carpenter standing atop a boat under construction, Bontoh village, Sangeang Island, Sumbawa, Indonesia, No Model Release",local-villager-carpentar-top-ofboat-being-built-mid,,"Sumbawa, Indonesia",Culture,,,,,16,,,,,DSMC2 GEMINI 5K S35,,,REDcode 8:1,96,,,,,,,,,,1.09,Editorial,Standard
A032_C101_0917C4_V2-0028.mp4,,00:00:18:82,,,5120 x 2700,r3d,"A carpenter stands atop a local boat under construction, Bontoh village, Sangeang Island, Sumbawa, Indonesia, No Model Release",local-villager-carpentar-top-boat-being-built-wide-,,"Sumbawa, Indonesia",Culture,,,,,16,,,,,DSMC2 GEMINI 5K S35,,,REDcode 8:1,96,,,,,,,,,,1.09,Editorial,Standard
A032_C092_09178I_V2-0020.mp4,,00:00:20:05,,,5120 x 2700,r3d,"A local man sitting in front of his wooden house smiles at the camera, Bontoh village, Sangeang Island, Sumbawa, Indonesia, No Model Release",Local-man-smiling,,"Sumbawa, Indonesia",Culture,,,,,16,,,,,DSMC2 GEMINI 5K S35,,,REDcode 8:1,96,,,,,,,,,,1.09,Editorial,Standard
A032_C093_09177K_V2-0021.mp4,,00:00:14:01,,,5120 x 2700,r3d,"Two local women standing in front of a house in a village, Bontoh village, Sangeang Island, Sumbawa, Indonesia, No Model Release",local-ladies-from-village-hut-front,,"Sumbawa, Indonesia",Culture,,,,,16,,,,,DSMC2 GEMINI 5K S35,,,REDcode 8:1,96,,,,,,,,,,1.09,Editorial,Standard
A032_C136_0917ME_V1-0075.mp4,,00:00:43:23,,,5120 x 2160,r3d,"A young girl playing happily in the sea, Bontoh village, Sangeang Island, Sumbawa, Indonesia, No Model Release",litlle-girl-villager-playing-in-the-sea,,"Sumbawa, Indonesia",Culture,,,,,16,,,,,DSMC2 GEMINI 5K S35,,,REDcode 8:1,120,,,,,,,,,,2.37,Editorial,Standard
A031_C062_0916FQ_V1-0103.mp4,,00:03:29:58,,,5120 x 2700,r3d,"A honeycomb moray, Gymnothorax favagineus, lit from the left, looks out from an overhang, surrounded by a school of ringtail cardinalfish, Ostorhinchus aureus, and other cardinalfish, Komodo National Park, Indonesia, Pacific Ocean",Laced-moray-leopard-overhang-glassy-sweepers-fish,,"Komodo, Indonesia",Underwater,,,,,16,,,,,DSMC2 GEMINI 5K S35,,,REDcode 5:1,59.94,,,,,,,,,,1.09,Commercial,Standard
A033_C107_0919KN_001.R3D,,00:00:21:02,,,5120 x 2160,r3d,"Sunset over the waters of Komodo National Park with a traditional phinisi boat silhouetted in the foreground, Komodo National Park, Indonesia, Pacific Ocean",Komodo-scenery-sunset-boat,,"Komodo, Indonesia",Landscape,,,,,16,,,,,DSMC2 GEMINI 5K S35,,,REDcode 4:1,59.94,,,,DSMC2 GEMINI 5K S35,,,,,,2:37,Commercial,Standard
A033_C082_0918AC_001.R3D,,00:00:42:85,,,5120 x 2700,r3d,"Landscape of the arid islands of Komodo National Park, panning from left to right, Komodo Island, Indonesia, Pacific Ocean",komodo-lanscape-pan-to-right,,"Komodo, Indonesia",Landscape,,,,,16,,,,,DSMC2 GEMINI 5K S35,,,REDcode 8:1,96,,,,DSMC2 GEMINI 5K S35,,,,,,1:09,Commercial,Standard
A032_C032_091621_001.R3D,,00:00:32:50,,,5120 x 2160,r3d,"Camera pushes forward over a large table coral, Acropora sp., branching corals and leather corals on a sandy bottom, Komodo National Park, Indonesia, Pacific Ocean",huge-acropora-tablecoral,,"Komodo, Indonesia",Underwater,,,,,16,,,,,DSMC2 GEMINI 5K S35,,,REDcode 4:1,59.94,,,,DSMC2 GEMINI 5K S35,,,,,,2.37,Commercial,Premium
A031_C060_0916XJ_V1-0101.mp4,,00:01:45:51,,,5120 x 2700,r3d,"A honeycomb moray, Gymnothorax favagineus, looks out from an overhang surrounded by a school of ringtail cardinalfish, Ostorhinchus aureus, and other cardinalfish, Komodo National Park, Indonesia, Pacific Ocean",honeycomb-moray-leopard-overhang-glassy-sweepers,,"Komodo, Indonesia",Underwater,,,,,16,,,,,DSMC2 GEMINI 5K S35,,,REDcode 5:1,59.94,,,,,,,,,,1.09,Commercial,Standard
A031_C058_0916EW_V1-0099.mp4,,00:00:26:05,,,5120 x 2700,r3d,"Camera pushes towards a honeycomb moray, Gymnothorax favagineus, looking out from an overhang, surrounded by a school of ringtail cardinalfish, Ostorhinchus aureus, and other cardinalfish, Komodo National Park, Indonesia, Pacific Ocean",honeycomb-moray-leopard-overhang-glass-sweeper,,"Komodo, Indonesia",Underwater,,,,,16,,,,,DSMC2 GEMINI 5K S35,,,REDcode 5:1,59.94,,,,,,,,,,1.09,Commercial,Standard
A032_C035_0916HL_001.R3D,,00:00:12:01,,,5120 x 2160,r3d,"Healthy hard coral garden with anthias, surgeon and damselfish swimming above the staghorn branching corals, Acropora sp., Komodo National Park, Indonesia, Pacific Ocean",healthy-diverse-reef-komodo,,"Komodo, Indonesia",Underwater,,,,,16,,,,,DSMC2 GEMINI 5K S35,,,REDcode 4:1,59.94,,,,DSMC2 GEMINI 5K S35,,,,,,2.37,Commercial,Premium
A032_C005_0916IW_001.R3D,,00:00:27:52,,,5120 x 2160,r3d,"Healthy soft corals and sponges with tropical fish swarming around them with a white sandy bottom, Komodo National Park, Indonesia, Pacific Ocean",healthy-corals-barrel-sponges,,"Komodo, Indonesia",Underwater,,,,,16,,,,,DSMC2 GEMINI 5K S35,,,REDcode 4:1,59.94,,,,DSMC2 GEMINI 5K S35,,,,,,2:37,Commercial,Premium
A005_D004_05032X_001.R3D,/Volumes/SSD4TB/Raptor UW 3 May/A005_D004_05032X.RDC,00:00:49:22,,,5120 x 2700,r3d,"A hawksbill turtle, Eretmochelys imbricata, foraging on the reef, Raja Ampat, Indonesia, Pacific Ocean",hawksbill-turtle-foraging,,"Raja Ampat, Indonesia",Underwater,,,,,16,,,,,V-RAPTOR 8K VV,,,MQ,32,,,,V-RAPTOR VV,,,,,,1.9,Commercial,Premium
A031_C021_09151D_V2-0008.mp4,,00:00:23:52,,,5120 x 2160,r3d,"A grey reef shark, Carcharhinus amblyrhynchos, cruising in the blue from left to right before turning and swimming out of the scene, Komodo National Park, Indonesia, Pacific Ocean",grey-reef-shark-turning-camera-front,,"Komodo, Indonesia",Underwater,,,,,16,,,,,DSMC2 GEMINI 5K S35,,,REDcode 4:1,59.94,,,,,,,,,,2.37,Commercial,Premium
A031_C020_09150A_V2-0007.mp4,,00:01:12:47,,,5120 x 2160,r3d,"A grey reef shark, Carcharhinus amblyrhynchos, swims towards a school of elongate surgeonfish, Acanthurus mata, and a giant trevally, Caranx ignobilis, before turning away, Komodo National Park, Indonesia, Pacific Ocean",grey-reef-shark-swims-to-surgeonfish-school,,"Komodo, Indonesia",Underwater,,,,,16,,,,,DSMC2 GEMINI 5K S35,,,REDcode 4:1,59.94,,,,,,,,,,2.37,Commercial,Premium
A031_C022_0915ML_V2-0009.mp4,,00:00:39:56,,,5120 x 2160,r3d,"A grey reef shark, Carcharhinus amblyrhynchos, surrounded by a school of rainbow runners, Elagatis bipinnulata, rubbing against it; the shark dives down as the runners disperse, Komodo National Park, Indonesia, Pacific Ocean",grey-reef-shark-slow-dive-down,,"Komodo, Indonesia",Underwater,,,,,16,,,,,DSMC2 GEMINI 5K S35,,,REDcode 4:1,59.94,,,,,,,,,,2.37,Commercial,Premium
A031_C020_09150A_V2-0006.mp4,,00:00:56:58,,,5120 x 2160,r3d,"A grey reef shark, Carcharhinus amblyrhynchos, surrounded by a school of rainbow runners, Elagatis bipinnulata, rubbing against it, with blue and yellow fusiliers, Caesio teres, in the background, Komodo National Park, Indonesia, Pacific Ocean",grey-reef-shark-sideview-right-to-left-rainbowrunners,,"Komodo, Indonesia",Underwater,,,,,16,,,,,DSMC2 GEMINI 5K S35,,,REDcode 4:1,59.94,,,,,,,,,,2.37,Commercial,Premium
A031_C020_09150A_V2-0010.mp4,,00:02:29:01,,,5120 x 2160,r3d,"A grey reef shark, Carcharhinus amblyrhynchos, surrounded by a school of rainbow runners, Elagatis bipinnulata, rubbing against it, Komodo National Park, Indonesia, Pacific Ocean",grey-reef-shark-rainbowrunners-wide-mid,,"Komodo, Indonesia",Underwater,,,,,16,,,,,DSMC2 GEMINI 5K S35,,,REDcode 4:1,59.94,,,,,,,,,,2.37,Commercial,Premium
A031_C020_09150A_V2-0011.mp4,,00:02:29:01,,,5120 x 2160,r3d,"A grey reef shark, Carcharhinus amblyrhynchos, surrounded by a school of rainbow runners, Elagatis bipinnulata, rubbing against it, with blue and yellow fusiliers, Caesio teres, in the background, Komodo National Park, Indonesia, Pacific Ocean",grey-reef-shark-rainbowrunners-wide-mid,,"Komodo, Indonesia",Underwater,,,,,16,,,,,DSMC2 GEMINI 5K S35,,,REDcode 4:1,59.94,,,,,,,,,,2.37,Commercial,Premium
A032_C144_0918LN_001.R3D,,00:01:06:10,,,5120 x 2700,r3d,"A silhouetted green turtle, Chelonia mydas, swims through the water column backlit with sun rays, Komodo National Park, Indonesia, Pacific Ocean",greenturtle-silohuette-looking-up-bluewater,,"Komodo, Indonesia",Underwater,,,,,16,,,,,DSMC2 GEMINI 5K S35,,,REDcode 5:1,59.94,,,,DSMC2 GEMINI 5K S35,,,,,,1:09,Commercial,Premium
A032_C144_0918LN_001.R3D,,00:01:06:10,,,5120 x 2700,r3d,"A green turtle, Chelonia mydas, swims towards the surface in the late afternoon, Komodo National Park, Indonesia, Pacific Ocean",green-turtle-swimming-up-to-surface,,"Komodo, Indonesia",Underwater,,,,,16,,,,,DSMC2 GEMINI 5K S35,,,REDcode 5:1,59.94,,,,DSMC2 GEMINI 5K S35,,,,,,1:09,Commercial,Premium
A032_C146_0918B1_001.R3D,,00:01:23:03,,,5120 x 2700,r3d,"A green turtle, Chelonia mydas, swims over sand towards the coral reef, Komodo National Park, Indonesia, Pacific Ocean",green-turtle-swimming-over-sand-to-corals-from-above,,"Komodo, Indonesia",Underwater,,,,,16,,,,,DSMC2 GEMINI 5K S35,,,REDcode 5:1,59.94,,,,DSMC2 GEMINI 5K S35,,,,,,1:09,Commercial,Premium
A032_C141_0918U7_001.R3D,,00:02:04:47,,,5120 x 2700,r3d,"A green turtle, Chelonia mydas, swims past a healthy hard coral reef, Komodo National Park, Indonesia, Pacific Ocean",green-turtle-swimming-over-corals-sideview,,"Komodo, Indonesia",Underwater,,,,,16,,,,,DSMC2 GEMINI 5K S35,,,REDcode 5:1,59.94,,,,DSMC2 GEMINI 5K S35,,,,,,1:09,Commercial,Premium
A032_C141_0918U7_001.R3D,,00:02:04:47,,,5120 x 2700,r3d,"A green turtle, Chelonia mydas, swims over a healthy coral reef, Komodo National Park, Indonesia, Pacific Ocean",green-turtle-swimming-over-corals-sideview,,"Komodo, Indonesia",Underwater,,,,,16,,,,,DSMC2 GEMINI 5K S35,,,REDcode 5:1,59.94,,,,DSMC2 GEMINI 5K S35,,,,,,1:09,Commercial,Premium
A032_C147_0918U3_001.R3D,,00:00:38:55,,,5120 x 2700,r3d,"A green turtle, Chelonia mydas, swims over corals from left to right, Komodo National Park, Indonesia, Pacific Ocean",green-turtle-swimming-over-corals-left-to-right,,"Komodo, Indonesia",Underwater,,,,,16,,,,,DSMC2 GEMINI 5K S35,,,REDcode 5:1,59.94,,,,DSMC2 GEMINI 5K S35,,,,,,1:09,Commercial,Premium
A032_C146_0918B1_001.R3D,,00:01:23:03,,,5120 x 2700,r3d,"A green turtle, Chelonia mydas, swims over a coral reef viewed from above, Komodo National Park, Indonesia, Pacific Ocean",green-turtle-swimming-over-corals-from-above,,"Komodo, Indonesia",Underwater,,,,,16,,,,,DSMC2 GEMINI 5K S35,,,REDcode 5:1,59.94,,,,DSMC2 GEMINI 5K S35,,,,,,1:09,Commercial,Premium
A032_C146_0918B1_001.R3D,,00:01:23:03,,,5120 x 2700,r3d,"A large green turtle, Chelonia mydas, swims through a healthy coral garden in the Komodo National Park, Indonesia, Pacific Ocean",green-turtle-swimming-from-above,,"Komodo, Indonesia",Underwater,,,,,16,,,,,DSMC2 GEMINI 5K S35,,,REDcode 5:1,59.94,,,,DSMC2 GEMINI 5K S35,,,,,,1.09,Commercial,Premium
A032_C140_0918QW_001.R3D,,00:00:54:48,,,5120 x 2700,r3d,"Panning around a coral head to reveal a green turtle, Chelonia mydas, as it swims into the water column, Komodo National Park, Indonesia, Pacific Ocean",green-turtle-reveal-from-corals,,"Komodo, Indonesia",Underwater,,,,,16,,,,,DSMC2 GEMINI 5K S35,,,REDcode 5:1,59.94,,,,DSMC2 GEMINI 5K S35,,,,,,1:09,Commercial,Premium
A032_C147_0918U3_001.R3D,,00:00:38:55,,,5120 x 2700,r3d,"A green turtle, Chelonia mydas, swims towards the camera before turning and swimming away, Komodo National Park, Indonesia, Pacific Ocean",green-turtle-front-view-turning-in-front-camera,,"Komodo, Indonesia",Underwater,,,,,16,,,,,DSMC2 GEMINI 5K S35,,,REDcode 5:1,59.94,,,,DSMC2 GEMINI 5K S35,,,,,,1:09,Commercial,Premium
A032_C145_0918Y1_001.R3D,,00:00:47:11,,,5120 x 2700,r3d,"A green turtle, Chelonia mydas, gliding in the water column backlit with sun rays, Komodo National Park, Indonesia, Pacific Ocean",green-turtle-from-below-gliding-watercolumn,,"Komodo, Indonesia",Underwater,,,,,16,,,,,DSMC2 GEMINI 5K S35,,,REDcode 5:1,59.94,,,,DSMC2 GEMINI 5K S35,,,,,,1:09,Commercial,Premium
A005_D035_0503CO_001.R3D,/Volumes/SSD4TB/Raptor UW 3 May/A005_D035_0503CO.RDC,00:01:16:23,,,5120 x 2700,r3d,"A small group of golden sweepers, Parapriacanthus ransonneti, schooling under a large coral head in Raja Ampat, Indonesia, Pacific Ocean",golden-sweepers-school,,"Raja Ampat, Indonesia",Underwater,,,,,16,,,,,V-RAPTOR 8K VV,,,MQ,32,,,,V-RAPTOR VV,,,,,,1.9,Commercial,Premium
A032_C089_0917AD_V2-0018.mp4,,00:00:34:03,,,5120 x 2700,r3d,"A pair of goats walks along the beach in front of colourful sarongs on a laundry line, Bontoh village, Sangeang Island, Sumbawa, Indonesia",Goats-sarongs-village-sangeang,,"Sumbawa, Indonesia",Culture,,,,,16,,,,,DSMC2 GEMINI 5K S35,,,REDcode 8:1,96,,,,,,,,,,1.09,Editorial,Standard
A032_C103_0917EB_V2-0030.mp4,,00:00:17:01,,,5120 x 2700,r3d,"A black goat rests atop wooden boards, Bontoh village, Sangeang Island, Sumbawa, Indonesia",goat-resting-by-shipyard-local-village,,"Sumbawa, Indonesia",Culture,,,,,16,,,,,DSMC2 GEMINI 5K S35,,,REDcode 8:1,96,,,,,,,,,,1.09,Commercial,Standard
A032_C138_09178Q_V1-0077.mp4,,00:00:40:119,,,5120 x 2160,r3d,"Two young girls playing in the sea, Bontoh village, Sangeang Island, Sumbawa, Indonesia, No Model Release",girls-villagers-playing-in-the-sea,,"Sumbawa, Indonesia",Culture,,,,,16,,,,,DSMC2 GEMINI 5K S35,,,REDcode 8:1,120,,,,,,,,,,2.37,Editorial,Standard
A031_C023_0915M3_V2-0013.mp4,,00:00:47:02,,,5120 x 2160,r3d,"A large school of elongate surgeonfish, Acanthurus mata, with giant trevally, Caranx ignobilis, lurking behind, Komodo National Park, Indonesia, Pacific Ocean",giant-trevallies-swim-left-to-right-surgeonfish,,"Komodo, Indonesia",Underwater,,,,,16,,,,,DSMC2 GEMINI 5K S35,,,REDcode 4:1,59.94,,,,,,,,,,2.37,Commercial,Premium
A031_C013_0915D3_V2-0003.mp4,,00:01:09:09,,,5120 x 2160,r3d,"Push towards a giant sweetlips, Plectorhinchus albovittatus, with a triggerfish and an angelfish in the background, Komodo National Park, Indonesia, Pacific Ocean",giant-sweetlip-cleaner-wrasse-wide,,"Komodo, Indonesia",Underwater,,,,,16,,,,,DSMC2 GEMINI 5K S35,,,REDcode 4:1,59.94,,,,,,,,,,2.37,Commercial,Premium
A031_C010_091568_V2-0002.mp4,,00:00:58:47,,,5120 x 2160,r3d,"A Napoleon wrasse, Cheilinus undulatus, cruising along a coral reef from right to left, Komodo National Park, Indonesia, Pacific Ocean",giant-napoleon-wrasse-sideview-right-to-left-up,,"Komodo, Indonesia",Underwater,,,,,16,,,,,DSMC2 GEMINI 5K S35,,,REDcode 4:1,59.94,,,,,,,,,,2.37,Commercial,Premium
A031_C014_0915UA_V2-0004.mp4,,00:00:58:02,,,5120 x 2160,r3d,"A Napoleon wrasse, Cheilinus undulatus, swims towards and inspects the camera, Komodo National Park, Indonesia, Pacific Ocean",giant-napoleon-wrasse-faceon-towards-camera,,"Komodo, Indonesia",Underwater,,,,,16,,,,,DSMC2 GEMINI 5K S35,,,REDcode 4:1,59.94,,,,,,,,,,2.37,Commercial,Premium
A032_C064_0916KF_V1-0126.mp4,,00:01:22:01,,,5120 x 2700,r3d,"A Melibe nudibranch, Melibe viridis, feeding with its hooded oral veil, sweeping the benthos for prey, Komodo National Park, Indonesia, Pacific Ocean",Giant-melibe-nudibranch-eats,,"Komodo, Indonesia",Underwater,,,,,16,,,,,DSMC2 GEMINI 5K S35,,,REDcode 5:1,59.94,,,,,,,,,,1.09,Commercial,Premium
A032_C066_0916S5_V1-0129.mp4,,00:04:35:45,,,5120 x 2700,r3d,"A Melibe nudibranch, Melibe viridis, feeding with its hooded oral veil, sweeping the benthos for prey, Komodo National Park, Indonesia, Pacific Ocean",giant-melibe-nudibranch-eating-midshot-from-above,,"Komodo, Indonesia",Underwater,,,,,16,,,,,DSMC2 GEMINI 5K S35,,,REDcode 5:1,59.94,,,,,,,,,,1.09,Commercial,Premium
A032_C066_0916S5_V1-0130.mp4,,00:04:35:45,,,5120 x 2700,r3d,"A Melibe nudibranch, Melibe viridis, feeding with its hooded oral veil, sweeping the benthos for prey, Komodo National Park, Indonesia, Pacific Ocean",giant-melibe-nudibranch-eating-midshot-from-above,,"Komodo, Indonesia",Underwater,,,,,16,,,,,DSMC2 GEMINI 5K S35,,,REDcode 5:1,59.94,,,,,,,,,,1.09,Commercial,Premium
A032_C066_0916S5_V1-0131.mp4,,00:04:35:45,,,5120 x 2700,r3d,"A Melibe nudibranch, Melibe viridis, feeding with its hooded oral veil, sweeping the benthos for prey, Komodo National Park, Indonesia, Pacific Ocean",giant-melibe-nudibranch-eating-midshot-from-above,,"Komodo, Indonesia",Underwater,,,,,16,,,,,DSMC2 GEMINI 5K S35,,,REDcode 5:1,59.94,,,,,,,,,,1.09,Commercial,Premium
A032_C066_0916S5_V1-0132.mp4,,00:04:35:45,,,5120 x 2700,r3d,"A Melibe nudibranch, Melibe viridis, feeding with its hooded oral veil, sweeping the benthos for prey, Komodo National Park, Indonesia, Pacific Ocean",giant-melibe-nudibranch-eating-midshot-from-above,,"Komodo, Indonesia",Underwater,,,,,16,,,,,DSMC2 GEMINI 5K S35,,,REDcode 5:1,59.94,,,,,,,,,,1.09,Commercial,Premium
A032_C066_0916S5_V1-0133.mp4,,00:04:35:45,,,5120 x 2700,r3d,"A Melibe nudibranch, Melibe viridis, feeding with its hooded oral veil, sweeping the benthos for prey, Komodo National Park, Indonesia, Pacific Ocean",giant-melibe-nudibranch-eating-midshot-from-above,,"Komodo, Indonesia",Underwater,,,,,16,,,,,DSMC2 GEMINI 5K S35,,,REDcode 5:1,59.94,,,,,,,,,,1.09,Commercial,Premium
A032_C067_0916P9_V1-0134.mp4,,00:03:49:36,,,5120 x 2700,r3d,"A Melibe nudibranch, Melibe viridis, feeding with its hooded oral veil on a skeleton shrimp, Caprella sp., Komodo National Park, Indonesia, Pacific Ocean",Giant-melibe-nudibranch-eating-five,,"Komodo, Indonesia",Underwater,,,,,16,,,,,DSMC2 GEMINI 5K S35,,,REDcode 5:1,59.94,,,,,,,,,,1.09,Commercial,Premium
A032_C067_0916P9_V1-0135.mp4,,00:03:49:36,,,5120 x 2700,r3d,"A Melibe nudibranch, Melibe viridis, feeding with its hooded oral veil on a skeleton shrimp, Caprella sp., Komodo National Park, Indonesia, Pacific Ocean",Giant-melibe-nudibranch-eating-five,,"Komodo, Indonesia",Underwater,,,,,16,,,,,DSMC2 GEMINI 5K S35,,,REDcode 5:1,59.94,,,,,,,,,,1.09,Commercial,Premium
A032_C064_0916KF_V1-0125.mp4,,00:01:22:01,,,5120 x 2700,r3d,"A Melibe nudibranch, Melibe viridis, feeding with its hooded oral veil, sweeping the benthos for prey, Komodo National Park, Indonesia, Pacific Ocean",giant-melibe-nudibranch-eating,,"Komodo, Indonesia",Underwater,,,,,16,,,,,DSMC2 GEMINI 5K S35,,,REDcode 5:1,59.94,,,,,,,,,,1.09,Commercial,Premium
A032_C065_0916MP_V1-0127.mp4,,00:02:22:48,,,5120 x 2700,r3d,"A Melibe nudibranch, Melibe viridis, feeding with its hooded oral veil, sweeping the benthos for prey, Komodo National Park, Indonesia, Pacific Ocean",giant-melibe-nudibranch-eating,,"Komodo, Indonesia",Underwater,,,,,16,,,,,DSMC2 GEMINI 5K S35,,,REDcode 5:1,59.94,,,,,,,,,,1.09,Commercial,Premium
A032_C065_0916MP_V1-0128.mp4,,00:02:22:48,,,5120 x 2700,r3d,"A Melibe nudibranch, Melibe viridis, feeding with its hooded oral veil, sweeping the benthos for prey, Komodo National Park, Indonesia, Pacific Ocean",giant-melibe-nudibranch-eating,,"Komodo, Indonesia",Underwater,,,,,16,,,,,DSMC2 GEMINI 5K S35,,,REDcode 5:1,59.94,,,,,,,,,,1.09,Commercial,Premium
A032_C063_0916ZP_V1-0124.mp4,,00:00:31:52,,,5120 x 2700,r3d,"A Melibe nudibranch, Melibe viridis, feeding with its hooded oral veil, sweeping the benthos for prey, Komodo National Park, Indonesia, Pacific Ocean",giant-melibe-nudibranch-eat,,"Komodo, Indonesia",Underwater,,,,,16,,,,,DSMC2 GEMINI 5K S35,,,REDcode 5:1,59.94,,,,,,,,,,1.09,Commercial,Premium
A031_C056_0916J9_V1-0104.mp4,,00:01:57:03,,,5120 x 2700,r3d,"A large colony of garden eels, Heteroconger hassi, sitting high out of their burrows to feed on plankton, Amed, Bali, Indonesia, Pacific Ocean",garden-eels-black-sand-wide,,"Bali, Indonesia",Underwater,,,,,16,,,,,DSMC2 GEMINI 5K S35,,,REDcode 5:1,59.94,,,,,,,,,,1.09,Commercial,Premium
A033_C041_0917X8_V1-0107.mp4,,00:00:12:01,,,5120 x 2700,r3d,"Mixed school of cooperative hunting predatory fish including blue fin trevally (Caranx melampygus), long nose emperor (Lethrinus olivaceus), and yellow goatfish (Parupeneus cyclostomus), Komodo National Park, Indonesia, Pacific Ocean",gang-emperorfish-bluefin-trevally-yellow-goatfish,,"Komodo, Indonesia",Underwater,,,,,16,,,,,DSMC2 GEMINI 5K S35,,,REDcode 5:1,59.94,,,,,,,,,,1.09,Commercial,Premium
A032_C030_0916RK_001.R3D,,00:00:32:54,,,5120 x 2160,r3d,"A large mixed school of blue and gold fusiliers, Caesio caerulaurea, and blue streak fusiliers, Pterocaesio tile, swimming right to left, Komodo National Park, Indonesia, Pacific Ocean",fusilliers-sideview-right-to-left,,"Komodo, Indonesia",Underwater,,,,,16,,,,,DSMC2 GEMINI 5K S35,,,REDcode 4:1,59.94,,,,DSMC2 GEMINI 5K S35,,,,,,2.37,Commercial,Premium
A032_C145_0918Y1_001.R3D,,00:00:47:11,,,5120 x 2700,r3d,"Following a green turtle, Chelonia mydas, from behind as it swims over a white sandy bottom, Komodo National Park, Indonesia, Pacific Ocean",following-green-turtle-from-behind,,"Komodo, Indonesia",Underwater,,,,,16,,,,,DSMC2 GEMINI 5K S35,,,REDcode 5:1,59.94,,,,DSMC2 GEMINI 5K S35,,,,,,1:09,Commercial,Premium
A031_C025_0915XL_V2-0015.mp4,,00:01:01:02,,,5120 x 2160,r3d,"A Napoleon wrasse, Cheilinus undulatus, swims along a reef towards a school of elongate surgeonfish, Acanthurus mata, Komodo National Park, Indonesia, Pacific Ocean",following-giant-napoleon-wrasse-reef,,"Komodo, Indonesia",Underwater,,,,,16,,,,,DSMC2 GEMINI 5K S35,,,REDcode 4:1,59.94,,,,,,,,,,2.37,Commercial,Premium
A030_C037_0915C8_001.R3D,,00:00:19:04,,,5120 x 2160,r3d,"Following a school of blackfin or chevron barracuda, Sphyraena qenie, in the water column, Komodo National Park, Indonesia, Pacific Ocean",following-barracuda-group-from-behind,,"Komodo, Indonesia",Underwater,,,,,16,,,,,DSMC2 GEMINI 5K S35,,,REDcode 4:1,59.94,,,,DSMC2 GEMINI 5K S35,,,,,,2.37,Commercial,Premium
A033_C022_0917CW_V1-0097.mp4,,00:01:41:79,,,5120 x 2700,r3d,"Pushing forward over a healthy Acropora sp., reef surrounded by soft corals and clouds of tropical fish such as damselfish and anthias, Komodo National Park, Indonesia, Pacific Ocean",faster-slomo-swim-over-corals-with-damselfish,,"Komodo, Indonesia",Underwater,,,,,16,,,,,DSMC2 GEMINI 5K S35,,,REDcode 8:1,96,,,,,,,,,,1.09,Commercial,Premium
A033_C017_0917IY_V1-0093.mp4,,00:01:42:08,,,5120 x 2700,r3d,"Slow push over a healthy branching coral, Acropora sp., with Porites corals and a variety of damselfish and anthias swimming over the coral, Komodo National Park, Indonesia, Pacific Ocean",damselfish-coralreef-coralhead-slomo,,"Komodo, Indonesia",Underwater,,,,,16,,,,,DSMC2 GEMINI 5K S35,,,REDcode 8:1,96,,,,,,,,,,1.09,Commercial,Premium
A032_C049_0916MH_V1-0119.mp4,,00:00:40:55,,,5120 x 2700,r3d,"A pair of ornate or harlequin ghost pipefish, Solenostomus paradoxus, possibly a male and female showing courtship, Komodo National Park, Indonesia, Pacific Ocean",Couple-ornate-ghostpipefish-yellow-reds,,"Komodo, Indonesia",Underwater,,,,,16,,,,,DSMC2 GEMINI 5K S35,,,REDcode 5:1,59.94,,,,,,,,,,1.09,Commercial,Premium
A032_C048_0916EK_V1-0118.mp4,,00:00:55:44,,,5120 x 2700,r3d,"A pair of ornate or harlequin ghost pipefish, Solenostomus paradoxus, possibly a male and female showing courtship, Komodo National Park, Indonesia, Pacific Ocean",Couple-ornate-ghostpipefish-yellow-red-swim,,"Komodo, Indonesia",Underwater,,,,,16,,,,,DSMC2 GEMINI 5K S35,,,REDcode 5:1,59.94,,,,,,,,,,1.09,Commercial,Premium
A032_C047_0916U8_V1-0117.mp4,,00:01:05:45,,,5120 x 2700,r3d,"A pair of ornate or harlequin ghost pipefish, Solenostomus paradoxus, possibly a male and female showing courtship, Komodo National Park, Indonesia, Pacific Ocean",couple-ornate-ghostpipefish-yellow-red,,"Komodo, Indonesia",Underwater,,,,,16,,,,,DSMC2 GEMINI 5K S35,,,REDcode 5:1,59.94,,,,,,,,,,1.09,Commercial,Premium
A032_C052_0916HO_V1-0120.mp4,,00:00:46:58,,,5120 x 2700,r3d,"A pair of ornate or harlequin ghost pipefish, Solenostomus paradoxus, possibly a male and female showing courtship, Komodo National Park, Indonesia, Pacific Ocean",couple-ornate-ghost-pipefish-yellow-red,,"Komodo, Indonesia",Underwater,,,,,16,,,,,DSMC2 GEMINI 5K S35,,,REDcode 5:1,59.94,,,,,,,,,,1.09,Commercial,Premium
A030_C042_0915IH_001.R3D,,00:00:21:49,,,5120 x 2160,r3d,"A school of blackfin or chevron barracuda, Sphyraena qenie, swim in shallow blue water, Komodo National Park, Indonesia, Pacific Ocean",compact-barracuda-group-blue-water_front_view,,"Komodo, Indonesia",Underwater,,,,,16,,,,,DSMC2 GEMINI 5K S35,,,REDcode 4:1,59.94,,,,DSMC2 GEMINI 5K S35,,,,,,2.37,Commercial,Premium
A030_C041_0915DQ_001.R3D,,00:00:17:38,,,5120 x 2160,r3d,"A school of blackfin or chevron barracuda, Sphyraena qenie, silhouetted against the surface, Komodo National Park, Indonesia, Pacific Ocean",compact-barracuda-group-blue-water,,"Komodo, Indonesia",Underwater,,,,,16,,,,,DSMC2 GEMINI 5K S35,,,REDcode 4:1,59.94,,,,DSMC2 GEMINI 5K S35,,,,,,2.37,Commercial,Premium
A032_C097_0917QR_V2-0025.mp4,,00:00:38:12,,,5120 x 2700,r3d,"Close-up of colourful sarongs hanging on a line flapping in the wind, Bontoh village, Sangeang Island, Sumbawa, Indonesia, No Model Release",colorful-local-fabric-hanging-in-the-wind,,"Sumbawa, Indonesia",Culture,,,,,16,,,,,DSMC2 GEMINI 5K S35,,,REDcode 8:1,96,,,,,,,,,,1.09,Editorial,Standard
A033_C024_091725_V1-0098.mp4,,00:00:53:74,,,5120 x 2700,r3d,"Slow-motion push forward and up over branching hard coral, Acropora sp., with anthias, damselfish and other tropical fish in the water column, Komodo National Park, Indonesia, Pacific Ocean",closefocus-widescene-over-acropora-with-fish,,"Komodo, Indonesia",Underwater,,,,,16,,,,,DSMC2 GEMINI 5K S35,,,REDcode 8:1,96,,,,,,,,,,1.09,Commercial,Premium
A031_C047_0916TP_V1-0078.mp4,,00:00:25:57,,,5120 x 2700,r3d,"Silhouetted outline of an underwater cave opening, viewed from inside the cave looking out towards blue water, Sangeang Island, Sumbawa, Indonesia, Pacific Ocean",cave-opening-underwater-frame,,"Sumbawa, Indonesia",Underwater,,,,,16,,,,,DSMC2 GEMINI 5K S35,,,REDcode 5:1,59.94,,,,,,,,,,1.09,Commercial,Premium
A032_C014_0916N2_001.R3D,,00:00:13:46,,,5120 x 2160,r3d,"Camera pans to the right across colourful soft corals and a large underwater canyon, Komodo National Park, Indonesia, Pacific Ocean",Canyon-channel-komodo-pan,,"Komodo, Indonesia",Underwater,,,,,16,,,,,DSMC2 GEMINI 5K S35,,,REDcode 4:1,59.94,,,,DSMC2 GEMINI 5K S35,,,,,,2.37,Commercial,Premium
A032_C013_0916YE_001.R3D,,00:00:15:05,,,5120 x 2160,r3d,"Camera pans up to show colourful corals with a deep canyon filled with fish in the background, Komodo National Park, Indonesia, Pacific Ocean",Canyon-channel-komodo-corals,,"Komodo, Indonesia",Underwater,,,,,16,,,,,DSMC2 GEMINI 5K S35,,,REDcode 4:1,59.94,,,,DSMC2 GEMINI 5K S35,,,,,,2.37,Commercial,Premium
A032_C012_0916ZI_001.R3D,,00:00:20:09,,,5120 x 2160,r3d,"Colourful soft corals on a coral head, camera pans up to reveal a canyon in the background, Komodo National Park, Indonesia, Pacific Ocean",Canyon-channel-komodo,,"Komodo, Indonesia",Underwater,,,,,16,,,,,DSMC2 GEMINI 5K S35,,,REDcode 4:1,59.94,,,,DSMC2 GEMINI 5K S35,,,,,,2.37,Commercial,Premium
A032_C106_0917GR_V1-0071.mp4,,00:00:42:13,,,5120 x 2700,r3d,"A traditional wooden boat builder descends a ladder in Bontoh village, Sangeang Island, Sumbawa, Indonesia, No Model Release",boat-builder-descending-ladder,,"Sumbawa, Indonesia",Culture,,,,,16,,,,,DSMC2 GEMINI 5K S35,,,REDcode 8:1,96,,,,,,,,,,1.09,Editorial,Standard
A032_C104_09176D_V2-0031.mp4,,00:00:31:10,,,5120 x 2700,r3d,"The hull of a wooden fishing boat under construction, Bontoh village, Sangeang Island, Sumbawa, Indonesia, No Model Release",boat-being-built-from-below-up,,"Sumbawa, Indonesia",Culture,,,,,16,,,,,DSMC2 GEMINI 5K S35,,,REDcode 8:1,96,,,,,,,,,,1.09,Editorial,Standard
A032_C015_09167P_001.R3D,,00:00:11:02,,,5120 x 2160,r3d,"A small school of blue fin trevally, Caranx melampygus, swim close to the bottom of a rocky canyon, Komodo National Park, Indonesia, Pacific Ocean",blue-fin-trevallies-canyon-komodo,,"Komodo, Indonesia",Underwater,,,,,16,,,,,DSMC2 GEMINI 5K S35,,,REDcode 4:1,59.94,,,,DSMC2 GEMINI 5K S35,,,,,,2.37,Commercial,Premium
A032_C022_0916MB_001.R3D,,00:00:41:58,,,5120 x 2700,r3d,"A mixed school of bigeye jacks, Caranx sexfasciatus and blue fin trevally, Caranx melampygus, swimming in a sandy channel, Komodo National Park, Indonesia, Pacific Ocean",bigeye-jackfish-school-reef-sand,,"Komodo, Indonesia",Underwater,,,,,16,,,,,DSMC2 GEMINI 5K S35,,,REDcode 5:1,59.94,,,,DSMC2 GEMINI 5K S35,,,,,,1.09,Commercial,Premium
A032_C034_0916MI_001.R3D,,00:00:23:02,,,5120 x 2160,r3d,"Camera pushes up and over a coral head with healthy Acropora sp., table corals and branching corals and a variety of tropical fish, backlit by the sun, Komodo National Park, Indonesia, Pacific Ocean",big-table-corals-acropora,,"Komodo, Indonesia",Underwater,,,,,16,,,,,DSMC2 GEMINI 5K S35,,,REDcode 4:1,59.94,,,,DSMC2 GEMINI 5K S35,,,,,,2.37,Commercial,Premium
A031_C023_0915M3_V2-0012.mp4,,00:01:02:45,,,5120 x 2160,r3d,"A large school of elongate surgeonfish, Acanthurus mata, with giant trevally, Caranx ignobilis, lurking behind, Komodo National Park, Indonesia, Pacific Ocean",big-surgeonfish-school,,"Komodo, Indonesia",Underwater,,,,,16,,,,,DSMC2 GEMINI 5K S35,,,REDcode 4:1,59.94,,,,,,,,,,2.37,Commercial,Premium
A033_C020_09174Q_V1-0095.mp4,,00:01:27:05,,,5120 x 2700,r3d,"Slow-motion camera pushing towards a large red seafan with a variety of damselfish and anthias in the water column and large porites coral heads in the background, Komodo National Park, Indonesia, Pacific Ocean",big-coral-head-with-seafans,,"Komodo, Indonesia",Underwater,,,,,16,,,,,DSMC2 GEMINI 5K S35,,,REDcode 8:1,96,,,,,,,,,,1.09,Commercial,Premium
A030_C006_0915PE_001.R3D,,00:00:16:00,,,4800 x 2700,r3d,"A school of circular spadefish or batfish, Platax orbicularis, swims along a rubble bottom, Komodo National Park, Indonesia, Pacific Ocean",Batfish-spadefish-swimming_close_to_bottom,,"Komodo, Indonesia",Underwater,,,,,16,,,,,DSMC2 GEMINI 5K S35,,,REDcode 5:1,59.94,,,,DSMC2 GEMINI 5K S35,,,,,,"0,095833333",Commercial,Premium
A030_C008_0915OM_001.R3D,,00:00:47:10,,,4800 x 2700,r3d,"A school of pinnate spadefish or batfish, Platax pinnatus, grouped near a seafan on a coral reef, Komodo National Park, Indonesia, Pacific Ocean",batfish-spadefish-hanging-by-seafan,,"Komodo, Indonesia",Underwater,,,,,16,,,,,DSMC2 GEMINI 5K S35,,,REDcode 5:1,59.94,,,,DSMC2 GEMINI 5K S35,,,,,,"0,095833333",Commercial,Premium
A030_C031_0915A2_001.R3D,,00:01:21:52,,,5120 x 2160,r3d,"A small group of blackfin or chevron barracuda, Sphyraena qenie, swimming near the bottom, Komodo National Park, Indonesia, Pacific Ocean",barracuda-small-group-near-bottom-reef,,"Komodo, Indonesia",Underwater,,,,,16,,,,,DSMC2 GEMINI 5K S35,,,REDcode 4:1,59.94,,,,DSMC2 GEMINI 5K S35,,,,,,2.37,Commercial,Premium
A030_C039_0915LN_001.R3D,,00:00:38:03,,,5120 x 2160,r3d,"A school of blackfin or chevron barracuda, Sphyraena qenie, with fusiliers and surgeonfish in the water column, Komodo National Park, Indonesia, Pacific Ocean",barracuda-group-swimming-upward,,"Komodo, Indonesia",Underwater,,,,,16,,,,,DSMC2 GEMINI 5K S35,,,REDcode 4:1,59.94,,,,DSMC2 GEMINI 5K S35,,,,,,2.37,Commercial,Premium
A030_C043_0915A9_001.R3D,,00:01:07:53,,,5120 x 2160,r3d,"A school of blackfin or chevron barracuda, Sphyraena qenie, in the blue water, Komodo National Park, Indonesia, Pacific Ocean",barracuda-group-blue-water-sideview-right-to-left,,"Komodo, Indonesia",Underwater,,,,,16,,,,,DSMC2 GEMINI 5K S35,,,REDcode 4:1,59.94,,,,DSMC2 GEMINI 5K S35,,,,,,2.37,Commercial,Premium
A032_C017_0916CO_001.R3D,,00:00:22:47,,,5120 x 2700,r3d,"Bright pink anthias swim in the current on a reef slope covered in red sea fans, Komodo National Park, Indonesia, Pacific Ocean",anthias-healthy-reef-seafans,,"Komodo, Indonesia",Underwater,,,,,16,,,,,DSMC2 GEMINI 5K S35,,,REDcode 5:1,59.94,,,,DSMC2 GEMINI 5K S35,,,,,,1.09,Commercial,Premium
A032_C021_0916B4_001.R3D,,00:00:46:41,,,5120 x 2700,r3d,"Camera pushes through a school of pink anthias and over a healthy reef full of colourful soft corals, Komodo National Park, Indonesia, Pacific Ocean",angelfish-reef-anthias,,"Komodo, Indonesia",Underwater,,,,,16,,,,,DSMC2 GEMINI 5K S35,,,REDcode 5:1,59.94,,,,DSMC2 GEMINI 5K S35,,,,,,1.09,Commercial,Premium
A032_C044_0916DQ_001.R3D,,00:00:44:53,,,5120 x 2160,r3d,"Camera pushes forward over a healthy hard and soft coral reef with a variety of damselfish, butterflyfish and anthias swimming in front of a red sea fan, Komodo National Park, Indonesia, Pacific Ocean",afternoon-light-coral-reef-komodo,,"Komodo, Indonesia",Underwater,,,,,16,,,,,DSMC2 GEMINI 5K S35,,,REDcode 4:1,59.94,,,,DSMC2 GEMINI 5K S35,,,,,,2.37,Commercial,Premium
A032_C045_09164T_001.R3D,,00:00:43:46,,,5120 x 2160,r3d,"Healthy shallow coral reef in afternoon light with a variety of damselfish and anthias swimming in the water column, Komodo National Park, Indonesia, Pacific Ocean",afternoon-light-coral-reef,,"Komodo, Indonesia",Underwater,,,,,16,,,,,DSMC2 GEMINI 5K S35,,,REDcode 4:1,59.94,,,,DSMC2 GEMINI 5K S35,,,,,,2.37,Commercial,Premium
A030_C049_09154F_001.R3D,,00:00:18:14,,,5120 x 2160,r3d,"Anthias and damselfish hover above a large Acropora table coral, Komodo National Park, Indonesia, Pacific Ocean",acropora-small-fishes,,"Komodo, Indonesia",Underwater,,,,,16,,,,,DSMC2 GEMINI 5K S35,,,REDcode 4:1,59.94,,,,DSMC2 GEMINI 5K S35,,,,,,2.37,Commercial,Premium
A030_C013_0915EE_001.R3D,,00:00:19:12,,,4800 x 2700,r3d,"A small school of blue streak fusiliers, Pterocaesio tile, swim over a table coral, Acropora sp., Komodo National Park, Indonesia, Pacific Ocean", fusilliers-near-acropora,,"Komodo, Indonesia",Underwater,,,,,16,,,,,DSMC2 GEMINI 5K S35,,,REDcode 5:1,59.94,,,,DSMC2 GEMINI 5K S35,,,,,,"0,095833333",Commercial,Premium
A004_A081_0412AG_V1-0042.mp4,,00:00:08:03,,,5120 x 2700,r3d,"Silhouette of a whale shark, Rhincodon typus, swimming overhead with a second shark coming in from the side, Cenderawasih Bay, Papua Province, Indonesia, Pacific Ocean",whaleshark-eye-contact-up-close-to-camera,,Cenderawasih,Underwater,,,,,16,,,,,DSMC2 GEMINI 5K S35,,,REDcode 5:1,50,,,,,,,,,,1.09,Commercial,Premium
A006_A044_04136P_V1-0054.mp4,,00:00:56:10,,,4608 x 2412,r3d,"A whale shark, Rhincodon typus, swims up towards the surface under a bagan, a traditional Indonesian drop net fishing boat, Cenderawasih Bay, Papua Province, Indonesia, Pacific Ocean",whaleshark-coming-up-towards-the-nets,,Cenderawasih,Underwater,,,,,16,,,,,DSMC2 GEMINI 5K S35,,,REDcode 7:1,50,,,,,,,,,,191.045,Commercial,Premium
A006_A045_0413M6_V1-0055.mp4,,00:00:50:03,,,4608 x 2412,r3d,"A whale shark, Rhincodon typus, swims past the camera while covered in remoras, Echeneis naucrates, Cenderawasih Bay, Papua Province, Indonesia, Pacific Ocean",beautiful-whalesharks-covered-in-remoras-and-fish,,Cenderawasih,Underwater,,,,,16,,,,,DSMC2 GEMINI 5K S35,,,REDcode 7:1,50,,,,,,,,,,191.045,Commercial,Premium
A006_A049_0413WS_V1-0056.mp4,,00:00:31:02,,,4608 x 2412,r3d,"A whale shark, Rhincodon typus, swims past the camera while covered in remoras, Echeneis naucrates, Cenderawasih Bay, Papua Province, Indonesia, Pacific Ocean",whaleshark-swimming-towards-camera-and-clearing-frame,,Cenderawasih,Underwater,,,,,16,,,,,DSMC2 GEMINI 5K S35,,,REDcode 7:1,50,,,,,,,,,,191.045,Commercial,Premium
A006_A053_041381_V1-0057.mp4,,00:01:11:12,,,4608 x 2412,r3d,"Two whale sharks, Rhincodon typus, feed on small bait fish thrown by fishermen from a bagan, a traditional Indonesian drop net fishing boat, Cenderawasih Bay, Papua Province, Indonesia, Pacific Ocean",whaleshark-eating-leftover-fish-from-fishermen,,Cenderawasih,Underwater,,,,,16,,,,,DSMC2 GEMINI 5K S35,,,REDcode 7:1,50,,,,,,,,,,191.045,Commercial,Premium
A006_A054_04133L_V1-0058.mp4,,00:00:18:07,,,4608 x 2412,r3d,"A whale shark, Rhincodon typus, swims over the camera while covered in remoras, Echeneis naucrates, Cenderawasih Bay, Papua Province, Indonesia, Pacific Ocean",whaleshark-swimming-towards-and-over-the-camera,,Cenderawasih,Underwater,,,,,16,,,,,DSMC2 GEMINI 5K S35,,,REDcode 7:1,50,,,,,,,,,,191.045,Commercial,Premium
A006_A056_04133J_V1-0059.mp4,,00:00:10:02,,,4608 x 2412,r3d,"A whale shark, Rhincodon typus, swims over the camera while covered in remoras, Echeneis naucrates, with a second whale shark behind, Cenderawasih Bay, Papua Province, Indonesia, Pacific Ocean",whaleshark-belly-covered-in-remora-fish,,Cenderawasih,Underwater,,,,,16,,,,,DSMC2 GEMINI 5K S35,,,REDcode 7:1,50,,,,,,,,,,191.045,Commercial,Premium
A006_A057_0413TH_V1-0048.mp4,,00:02:19:13,,,4608 x 2412,r3d,"Two whale sharks, Rhincodon typus, feeding beside the nets of a bagan, a traditional drop net fishing boat, Cenderawasih Bay, Papua Province, Indonesia, Pacific Ocean",two-whale-shark-feed-beside-nets,,Cenderawasih,Underwater,,,,,16,,,,,DSMC2 GEMINI 5K S35,,,REDcode 7:1,50,,,,,,,,,,191.045,Commercial,Premium
A006_A057_0413TH_V1-0060.mp4,,00:01:21:04,,,4608 x 2412,r3d,"Following a whale shark, Rhincodon typus, from above and behind, Cenderawasih Bay, Papua Province, Indonesia, Pacific Ocean",following-whale-shark-from-above-and-behind,,Cenderawasih,Underwater,,,,,16,,,,,DSMC2 GEMINI 5K S35,,,REDcode 7:1,50,,,,,,,,,,191.045,Commercial,Premium
A006_A058_0413ED_V1-0061.mp4,,00:00:44:10,,,4608 x 2412,r3d,"A whale shark, Rhincodon typus, swims past the camera with its right flank showing its spot pattern, Cenderawasih Bay, Papua Province, Indonesia, Pacific Ocean",whaleshark-swimming-in-blue-water,,Cenderawasih,Underwater,,,,,16,,,,,DSMC2 GEMINI 5K S35,,,REDcode 7:1,50,,,,,,,,,,191.045,Commercial,Premium
A006_A059_0413ZL_V1-0062.mp4,,00:00:31:02,,,4608 x 2412,r3d,"A whale shark, Rhincodon typus, enters the frame from above and exits below, viewed from above, Cenderawasih Bay, Papua Province, Indonesia, Pacific Ocean",whaleshark-swimming-through-frame-looking-from-above,,Cenderawasih,Underwater,,,,,16,,,,,DSMC2 GEMINI 5K S35,,,REDcode 7:1,50,,,,,,,,,,191.045,Commercial,Premium
A006_A060_0413AV_V1-0063.mp4,,00:01:09:13,,,4608 x 2412,r3d,"A whale shark, Rhincodon typus, feeding vertically beneath a bagan, a traditional Indonesian drop net fishing boat, Cenderawasih Bay, Papua Province, Indonesia, Pacific Ocean",camera-move-along-whaleshark-body-showing-the-beautful-skin-pattern,,Cenderawasih,Underwater,,,,,16,,,,,DSMC2 GEMINI 5K S35,,,REDcode 7:1,50,,,,,,,,,,191.045,Commercial,Premium
A006_A061_0413P3_V1-0064.mp4,,00:00:30:04,,,4608 x 2412,r3d,"A whale shark, Rhincodon typus, swims into and out of the frame, shot from above looking at the top of the shark, Cenderawasih Bay, Papua Province, Indonesia, Pacific Ocean",whaleshark-entering-and-clearing-frame-diagonally,,Cenderawasih,Underwater,,,,,16,,,,,DSMC2 GEMINI 5K S35,,,REDcode 7:1,50,,,,,,,,,,191.045,Commercial,Premium
A006_A063_04131T_V1-0065.mp4,,00:00:55:14,,,4608 x 2412,r3d,"Two whale sharks, Rhincodon typus, swim past each other in the blue water under a bagan, a traditional Indonesian drop net fishing boat, Cenderawasih Bay, Papua Province, Indonesia, Pacific Ocean",whalesharks-swimming-along-together,,Cenderawasih,Underwater,,,,,16,,,,,DSMC2 GEMINI 5K S35,,,REDcode 7:1,50,,,,,,,,,,191.045,Commercial,Premium
A006_A064_0413B4_V1-0066.mp4,,00:00:38:08,,,4608 x 2412,r3d,"A whale shark, Rhincodon typus, with a satellite tag on its dorsal fin swims just below the surface, Cenderawasih Bay, Papua Province, Indonesia, Pacific Ocean",whaleshark-with-satellite-tag-swimming-toward-camera-in-blue-water,,Cenderawasih,Underwater,,,,,16,,,,,DSMC2 GEMINI 5K S35,,,REDcode 7:1,50,,,,,,,,,,191.045,Commercial,Premium
A006_A066_0413C1_V1-0067.mp4,,00:00:10:17,,,4608 x 2412,r3d,"A whale shark, Rhincodon typus, swims over the camera while covered in remoras, Echeneis naucrates, with fishing nets behind, Cenderawasih Bay, Papua Province, Indonesia, Pacific Ocean",whaleshark-crossing-with-cameraman-and-clearing-frame-above,,Cenderawasih,Underwater,,,,,16,,,,,DSMC2 GEMINI 5K S35,,,REDcode 7:1,50,,,,,,,,,,191.045,Commercial,Premium
A006_A069_04136T_V1-0068.mp4,,00:00:42:14,,,4608 x 2412,r3d,"A whale shark, Rhincodon typus, enters the frame from the right in front of a bagan, a traditional Indonesian drop net fishing boat, Cenderawasih Bay, Papua Province, Indonesia, Pacific Ocean",whaleshark-entering-frame-going-towards-the-nets,,Cenderawasih,Underwater,,,,,16,,,,,DSMC2 GEMINI 5K S35,,,REDcode 7:1,50,,,,,,,,,,191.045,Commercial,Premium
A006_A071_0413MX_V1-0069.mp4,,00:00:41:03,,,4608 x 2412,r3d,"A whale shark, Rhincodon typus, swims in the shadows under a bagan, a traditional Indonesian drop net fishing boat, Cenderawasih Bay, Papua Province, Indonesia, Pacific Ocean",whaleshark-swimming-towards-camera-in-the-shadow-of-the-silhouetted-fishing-platform,,Cenderawasih,Underwater,,,,,16,,,,,DSMC2 GEMINI 5K S35,,,REDcode 7:1,50,,,,,,,,,,191.045,Commercial,Premium
A006_A077_0413SW_V1-0070.mp4,,00:01:16:20,,,4608 x 2412,r3d,"A whale shark, Rhincodon typus, eats baitfish while swimming under a bagan, a traditional Indonesian drop net fishing boat, Cenderawasih Bay, Papua Province, Indonesia, Pacific Ocean",whaleshark-eating-leftover-bait-thrown-from-fishermen,,Cenderawasih,Underwater,,,,,16,,,,,DSMC2 GEMINI 5K S35,,,REDcode 7:1,50,,,,,,,,,,191.045,Commercial,Premium
A006_A079_0413DA_V1-0071.mp4,,00:00:35:05,,,4608 x 2412,r3d,"A whale shark, Rhincodon typus, enters the frame from the bottom with camera highlighting the spot pattern on the top of the shark, Cenderawasih Bay, Papua Province, Indonesia, Pacific Ocean",whaleshark-entering-frame-from-below-in-blue-water,,Cenderawasih,Underwater,,,,,16,,,,,DSMC2 GEMINI 5K S35,,,REDcode 7:1,50,,,,,,,,,,191.045,Commercial,Premium
A006_A080_0413EY_V1-0072.mp4,,00:00:52:03,,,4608 x 2412,r3d,"Silhouette of a whale shark, Rhincodon typus, swimming under a bagan, a traditional Indonesian drop net fishing boat, Cenderawasih Bay, Papua Province, Indonesia, Pacific Ocean",silhouette-of-whaleshark-and-fishing-platform,,Cenderawasih,Underwater,,,,,16,,,,,DSMC2 GEMINI 5K S35,,,REDcode 7:1,50,,,,,,,,,,191.045,Commercial,Premium
A006_A081_0413LN_V1-0073.mp4,,00:00:49:01,,,4608 x 2412,r3d,"Silhouette of a whale shark, Rhincodon typus, swimming overhead with a second shark coming in from the side, Cenderawasih Bay, Papua Province, Indonesia, Pacific Ocean",looking-up-at-whalesharks-around-fishing-platforms,,Cenderawasih,Underwater,,,,,16,,,,,DSMC2 GEMINI 5K S35,,,REDcode 7:1,50,,,,,,,,,,191.045,Commercial,Premium
A006_A083_0413AJ_V1-0074.mp4,,00:00:39:21,,,4608 x 2412,r3d,"Close-up of a whale shark, Rhincodon typus, rising to the surface to feed, Cenderawasih Bay, Papua Province, Indonesia, Pacific Ocean",whaleshark-close-up-eye-contact-with-camera,,Cenderawasih,Underwater,,,,,16,,,,,DSMC2 GEMINI 5K S35,,,REDcode 7:1,50,,,,,,,,,,191.045,Commercial,Premium
A006_A084_0413LT_V1-0075.mp4,,00:00:41:08,,,4608 x 2412,r3d,"Looking down on a whale shark, Rhincodon typus, swimming away from the camera, Cenderawasih Bay, Papua Province, Indonesia, Pacific Ocean",mood-shot-whaleshark-in-deep-water,,Cenderawasih,Underwater,,,,,16,,,,,DSMC2 GEMINI 5K S35,,,REDcode 7:1,50,,,,,,,,,,191.045,Commercial,Premium
A006_A087_0413WA_V1-0043.mp4,,00:03:07:21,,,4608 x 2412,r3d,"Looking down on a whale shark, Rhincodon typus, swimming in the open ocean, Cenderawasih Bay, Papua Province, Indonesia, Pacific Ocean",whaleshark-swimming-below-in-deep-water,,Cenderawasih,Underwater,,,,,16,,,,,DSMC2 GEMINI 5K S35,,,REDcode 7:1,50,,,,,,,,,,191.045,Commercial,Premium
A006_A089_04138A_V1-0044.mp4,,00:01:05:00,,,4608 x 2412,r3d,"A whale shark, Rhincodon typus, enters the frame in front of a bagan, a traditional Indonesian drop net fishing boat, Cenderawasih Bay, Papua Province, Indonesia, Pacific Ocean",whaleshark-silhouette-swimming-and-filling-the-frame,,Cenderawasih,Underwater,,,,,16,,,,,DSMC2 GEMINI 5K S35,,,REDcode 7:1,50,,,,,,,,,,191.045,Commercial,Premium
A006_A062_0413WX_V1-0049.mp4,,00:01:02:09,,,4608 x 2412,r3d,"A whale shark, Rhincodon typus, swims far below in the blue, Cenderawasih Bay, Papua Province, Indonesia, Pacific Ocean",whaleshark-swimming-below-in-the-deep,,Cenderawasih,Underwater,,,,,16,,,,,DSMC2 GEMINI 5K S35,,,REDcode 7:1,50,,,,,,,,,,191.045,Commercial,Premium
A006_A062_0413WX_V1-0050.mp4,,00:01:21:11,,,4608 x 2412,r3d,"Two whale sharks, Rhincodon typus, swim far below in the blue, panning to a third swimming beside the camera, Cenderawasih Bay, Papua Province, Indonesia, Pacific Ocean",deep-water-whalesharks-to-reveal-whaleshark-next-to-camera,,Cenderawasih,Underwater,,,,,16,,,,,DSMC2 GEMINI 5K S35,,,REDcode 7:1,50,,,,,,,,,,191.045,Commercial,Premium
A006_A068_0413CZ_V1-0053.mp4,,00:00:32:18,,,4608 x 2412,r3d,"The front left flank of a whale shark, Rhincodon typus, swimming in blue water, Cenderawasih Bay, Papua Province, Indonesia, Pacific Ocean",whaleshark-swimming-in-the-blue,,Cenderawasih,Underwater,,,,,16,,,,,DSMC2 GEMINI 5K S35,,,REDcode 7:1,50,,,,,,,,,,191.045,Commercial,Premium
A003_A128_0410WL_V1-0002.mp4,,00:02:18:17,,,5120 x 2700,r3d,"Two whale sharks, Rhincodon typus, with attendant cobia, Rachycentron canadum, and remoras, Echeneis naucrates, pass each other under a traditional Indonesian drop net fishing boat, Cenderawasih Bay, Papua Province, Indonesia, Pacific Ocean",underwater-view-of-two-whalesharks-next-to-fishing-platform-bagan,,Cenderawasih,Underwater,,,,,16,,,,,DSMC2 GEMINI 5K S35,,,REDcode 5:1,50,,,,,,,,,,1.09,Commercial,Premium
A003_A129_04105P_V1-0004.mp4,,00:01:41:18,,,5120 x 2700,r3d,"Two whale sharks, Rhincodon typus, with attendant cobia, Rachycentron canadum, and remoras, Echeneis naucrates, swimming under a bagan, a traditional Indonesian drop net fishing boat, Cenderawasih Bay, Papua Province, Indonesia, Pacific Ocean",underwater-multiple-whalesharks-next-to-fishing-platform-bagan,,Cenderawasih,Underwater,,,,,16,,,,,DSMC2 GEMINI 5K S35,,,REDcode 5:1,50,,,,,,,,,,1.09,Commercial,Premium
A003_A133_0410TI_V1-0006.mp4,,00:00:38:10,,,5120 x 2700,r3d,"Two whale sharks, Rhincodon typus, with attendant cobia, Rachycentron canadum, and remoras, Echeneis naucrates, swim past each other, Cenderawasih Bay, Papua Province, Indonesia, Pacific Ocean",remoras-on-whalesharks,,Cenderawasih,Underwater,,,,,16,,,,,DSMC2 GEMINI 5K S35,,,REDcode 5:1,50,,,,,,,,,,1.09,Commercial,Premium
A003_A149_0410ZM_V1-0007.mp4,,00:00:53:21,,,5120 x 2700,r3d,"Four whale sharks, Rhincodon typus, swimming under a bagan, a traditional Indonesian drop net fishing boat, Cenderawasih Bay, Papua Province, Indonesia, Pacific Ocean",looking-up-at-multiple-whalesharks-swimming-under-bagan,,Cenderawasih,Underwater,,,,,16,,,,,DSMC2 GEMINI 5K S35,,,REDcode 5:1,50,,,,,,,,,,1.09,Commercial,Premium
A003_A153_0410IP_V1-0008.mp4,,00:04:12:22,,,5120 x 2700,r3d,"Following a whale shark, Rhincodon typus, as it swims towards a second whale shark under a bagan, a traditional Indonesian drop net fishing boat, Cenderawasih Bay, Papua Province, Indonesia, Pacific Ocean",multiple-whalesharks-swimming-towards-net-with-fish,,Cenderawasih,Underwater,,,,,16,,,,,DSMC2 GEMINI 5K S35,,,REDcode 5:1,50,,,,,,,,,,1.09,Commercial,Premium
A003_A154_0410PN_V1-0012.mp4,,00:02:31:19,,,5120 x 2700,r3d,"Looking down at a whale shark, Rhincodon typus, as it swims down into the deep, Cenderawasih Bay, Papua Province, Indonesia, Pacific Ocean",whaleshark-swimming-towards-the-blue,,Cenderawasih,Underwater,,,,,16,,,,,DSMC2 GEMINI 5K S35,,,REDcode 5:1,50,,,,,,,,,,1.09,Commercial,Premium
A003_A155_0410AR_V1-0014.mp4,,00:01:35:08,,,5120 x 2700,r3d,"A whale shark, Rhincodon typus, with many remoras, Echeneis naucrates, passes overhead with a second whale shark feeding under a bagan, a traditional Indonesian drop net fishing boat, Cenderawasih Bay, Papua Province, Indonesia, Pacific Ocean",overhead-pass-of-whaleshark-with-remora,,Cenderawasih,Underwater,,,,,16,,,,,DSMC2 GEMINI 5K S35,,,REDcode 5:1,50,,,,,,,,,,1.09,Commercial,Premium
A003_A160_04107G_V1-0016.mp4,,00:00:27:24,,,5120 x 2700,r3d,"Three whale sharks, Rhincodon typus, feeding under a bagan, a traditional Indonesian drop net fishing boat, Cenderawasih Bay, Papua Province, Indonesia, Pacific Ocean",whalesharks-crossing-each-other,,Cenderawasih,Underwater,,,,,16,,,,,DSMC2 GEMINI 5K S35,,,REDcode 5:1,50,,,,,,,,,,1.09,Commercial,Premium
A003_A162_04108G_V1-0017.mp4,,00:00:32:16,,,5120 x 2700,r3d,"A whale shark, Rhincodon typus, swims under the camera showing off the unique spots on its back, Cenderawasih Bay, Papua Province, Indonesia, Pacific Ocean",whaleshark-swimming-towards-camera-and-clear-frame,,Cenderawasih,Underwater,,,,,16,,,,,DSMC2 GEMINI 5K S35,,,REDcode 5:1,50,,,,,,,,,,1.09,Commercial,Premium
A003_A073_04111R_V1-0018.mp4,,00:01:54:18,,,5120 x 2700,r3d,"A whale shark, Rhincodon typus, feeds vertically in the water column on small fish thrown by fishermen on a bagan, a traditional Indonesian drop net fishing boat, Cenderawasih Bay, Papua Province, Indonesia, Pacific Ocean",whaleshark-eating-on-the-surface-vertical-position,,Cenderawasih,Underwater,,,,,16,,,,,DSMC2 GEMINI 5K S35,,,REDcode 5:1,50,,,,,,,,,,1.09,Commercial,Premium
A003_A074_0411EE_V1-0019.mp4,,00:00:44:01,,,5120 x 2700,r3d,"Close-up of a whale shark, Rhincodon typus, suction feeding showing the water going into its mouth under a bagan, a traditional Indonesian drop net fishing boat, Cenderawasih Bay, Papua Province, Indonesia, Pacific Ocean",whaleshark-close-up-of-mouth-opening-and-inhaling-water,,Cenderawasih,Underwater,,,,,16,,,,,DSMC2 GEMINI 5K S35,,,REDcode 5:1,50,,,,,,,,,,1.09,Commercial,Premium
A003_A075_0411AX_V1-0020.mp4,,00:01:03:15,,,5120 x 2700,r3d,"A whale shark, Rhincodon typus, opens its mouth in front of the camera while swimming under a bagan, a traditional Indonesian drop net fishing boat, Cenderawasih Bay, Papua Province, Indonesia, Pacific Ocean",whaleshark-face-close-up,,Cenderawasih,Underwater,,,,,16,,,,,DSMC2 GEMINI 5K S35,,,REDcode 5:1,50,,,,,,,,,,1.09,Commercial,Premium
A003_A075_0411AX_V1-0045.mp4,,00:02:06:01,,,5120 x 2700,r3d,"A whale shark, Rhincodon typus, opens its mouth in front of the camera while swimming under a bagan, a traditional Indonesian drop net fishing boat, Cenderawasih Bay, Papua Province, Indonesia, Pacific Ocean",whaleshark-eating-by-fishing-nets,,Cenderawasih,Underwater,,,,,16,,,,,DSMC2 GEMINI 5K S35,,,REDcode 5:1,50,,,,,,,,,,1.09,Commercial,Premium
A003_A076_0411VP_V1-0021.mp4,,00:00:57:05,,,5120 x 2700,r3d,"Camera pans up along the dorsal surface of a whale shark, Rhincodon typus, vertically feeding in the water under a bagan, a traditional Indonesian drop net fishing boat, Cenderawasih Bay, Papua Province, Indonesia, Pacific Ocean",whaleshark-vertical-close-to-the-fishing-nets-view-from-behind,,Cenderawasih,Underwater,,,,,16,,,,,DSMC2 GEMINI 5K S35,,,REDcode 5:1,50,,,,,,,,,,1.09,Commercial,Premium
A003_A077_0411SG_V1-0023.mp4,,00:00:42:21,,,5120 x 2700,r3d,"A whale shark, Rhincodon typus, swims under a small boat with its left side to the camera towards a bagan, a traditional Indonesian drop net fishing boat, Cenderawasih Bay, Papua Province, Indonesia, Pacific Ocean",side-view-whaleshark-swimming-next-to-fishing-platform,,Cenderawasih,Underwater,,,,,16,,,,,DSMC2 GEMINI 5K S35,,,REDcode 5:1,50,,,,,,,,,,1.09,Commercial,Premium
A003_A081_0411LK_V1-0024.mp4,,00:00:37:06,,,5120 x 2700,r3d,"A whale shark, Rhincodon typus, swimming in the open water column under the camera, Cenderawasih Bay, Papua Province, Indonesia, Pacific Ocean",whaleshark-swimming-toward-and-clearing-camera-frame,,Cenderawasih,Underwater,,,,,16,,,,,DSMC2 GEMINI 5K S35,,,REDcode 5:1,50,,,,,,,,,,1.09,Commercial,Premium
A003_A084_041162_V1-0025.mp4,,00:00:30:01,,,5120 x 2700,r3d,"Looking down on a whale shark, Rhincodon typus, swimming away from the camera, Cenderawasih Bay, Papua Province, Indonesia, Pacific Ocean",whaleshark-entering-frame-in-clear-blue-water-view-from-above-straight-down,,Cenderawasih,Underwater,,,,,16,,,,,DSMC2 GEMINI 5K S35,,,REDcode 5:1,50,,,,,,,,,,1.09,Commercial,Premium
A003_A088_0411IS_V1-0026.mp4,,00:00:34:07,,,5120 x 2700,r3d,"A whale shark, Rhincodon typus, swims towards the camera underneath a small boat in Cenderawasih Bay, Papua Province, Indonesia, Pacific Ocean",whaleshark-swimming-toward-camera-with-boat-propeller-in-view,,Cenderawasih,Underwater,,,,,16,,,,,DSMC2 GEMINI 5K S35,,,REDcode 5:1,50,,,,,,,,,,1.09,Commercial,Premium
A003_A036_0411Z5_V1-0001.mp4,,00:00:39:14,,,5120 x 2700,r3d,"Looking down from a boat at a whale shark, Rhincodon typus, feeding at the surface beside a bagan, a traditional Indonesian drop net fishing boat, Cenderawasih Bay, Papua Province, Indonesia, Pacific Ocean",surface-view-of-whaleshark-swimming-next-to-fishing-platform-bagan,,Cenderawasih,Terrestrial,,,,,16,,,,,DSMC2 GEMINI 5K S36,,,REDcode 5:2,50,,,,,,,,,,1.09,Commercial,Premium
A004_A001_0412HC_V1-0027.mp4,,00:01:08:40,,,5120 x 2700,r3d,"A whale shark, Rhincodon typus, suction-feeding at a net on the bottom of a boat while doing vertical feeding, Cenderawasih Bay, Papua, Indonesia, Pacific Ocean",whaleshark-next-to-fishing-nets,,Cenderawasih,Underwater,,,,,16,,,,,DSMC2 GEMINI 5K S35,,,REDcode 5:1,50,,,,,,,,,,1.09,Commercial,Premium
A004_A002_0412N6_V1-0028.mp4,,00:00:32:46,,,5120 x 2700,r3d,"A whale shark, Rhincodon typus, approaches the camera and turns towards the fishing nets to feed, Cenderawasih Bay, Papua, Indonesia, Pacific Ocean",whaleshark-eating-at-surface-eye-contact-with-camera,,Cenderawasih,Underwater,,,,,16,,,,,DSMC2 GEMINI 5K S35,,,REDcode 5:1,50,,,,,,,,,,1.09,Commercial,Premium
A004_A003_0412AB_V1-0029.mp4,,00:01:53:39,,,5120 x 2700,r3d,"A whale shark, Rhincodon typus, rises up from the deep to inspect the fishing nets under a bagan, a traditional net fishing boat in Cenderawasih Bay, Papua, Indonesia, Pacific Ocean",frontal-view-whaleshark-swimming-up-to-fishing-nets,,Cenderawasih,Underwater,,,,,16,,,,,DSMC2 GEMINI 5K S35,,,REDcode 5:1,50,,,,,,,,,,1.09,Commercial,Premium
A004_A003_0412AB_V1-0030.mp4,,00:01:53:39,,,5120 x 2700,r3d,"A whale shark, Rhincodon typus, enters from the right, its left flank showing its spot pattern as it inspects fishing nets beneath a bagan, a traditional drop net fishing boat, Cenderawasih Bay, Papua, Indonesia, Pacific Ocean",frontal-view-whaleshark-swimming-up-to-pagan,,Cenderawasih,Underwater,,,,,16,,,,,DSMC2 GEMINI 5K S35,,,REDcode 5:1,50,,,,,,,,,,1.09,Commercial,Premium
A004_A004_04122W_V1-0031.mp4,,00:01:04:03,,,5120 x 2700,r3d,"A whale shark, Rhincodon typus, swims up and over the camera showing its white belly and numerous hitchhiking remoras, Echeneis naucrates, Cenderawasih Bay, Papua, Indonesia, Pacific Ocean",big-whaleshark-covered-in-remoras-swims-toward-camera,,Cenderawasih,Underwater,,,,,16,,,,,DSMC2 GEMINI 5K S35,,,REDcode 5:1,50,,,,,,,,,,1.09,Commercial,Premium
A004_A007_04128I_V1-0032.mp4,,00:00:41:35,,,5120 x 2700,r3d,"A whale shark, Rhincodon typus, swims away from the camera into the blue, Cenderawasih Bay, Papua, Indonesia, Pacific Ocean",full-body-whaleshark-swims-away,,Cenderawasih,Underwater,,,,,16,,,,,DSMC2 GEMINI 5K S35,,,REDcode 5:1,50,,,,,,,,,,1.09,Commercial,Premium
A004_A008_0412NB_V1-0033.mp4,,00:02:04:10,,,5120 x 2700,r3d,"A whale shark, Rhincodon typus, swims away from the net under a bagan, a traditional drop net fishing boat, Cenderawasih Bay, Papua, Indonesia, Pacific Ocean",whaleshark-swimming-next-to-nets-with-sunrays,,Cenderawasih,Underwater,,,,,16,,,,,DSMC2 GEMINI 5K S35,,,REDcode 5:1,50,,,,,,,,,,1.09,Commercial,Premium
A004_A008_0412NB_V1-0034.mp4,,00:02:04:10,,,5120 x 2700,r3d,"A whale shark, Rhincodon typus, approaches a bagan boat to feed on bait fish while two more sharks approach behind, Cenderawasih Bay, Papua, Indonesia, Pacific Ocean",whaleshark-swimming-next-to-nets-with-sunrays-and-particles,,Cenderawasih,Underwater,,,,,16,,,,,DSMC2 GEMINI 5K S35,,,REDcode 5:1,50,,,,,,,,,,1.09,Commercial,Premium
A004_A014_04122J_V1-0035.mp4,,00:01:13:35,,,5120 x 2700,r3d,"Two whale sharks, Rhincodon typus, moving towards the camera under a bagan, traditional drop net fishing boat, Cenderawasih Bay, Papua, Indonesia, Pacific Ocean",two-whalesharks-slowly-moving-toward-camera,,Cenderawasih,Underwater,,,,,16,,,,,DSMC2 GEMINI 5K S35,,,REDcode 5:1,50,,,,,,,,,,1.09,Commercial,Premium
A004_A021_0412HQ_V1-0036.mp4,,00:00:31:49,,,5120 x 2700,r3d,"Looking up at a whale shark, Rhincodon typus, circling under a bagan, a traditional drop net fishing boat in Cenderawasih Bay, Papua, Indonesia, Pacific Ocean",whaleshark-and-shafts-of-sunlight-on-bagan,,Cenderawasih,Underwater,,,,,16,,,,,DSMC2 GEMINI 5K S35,,,REDcode 5:1,50,,,,,,,,,,1.09,Commercial,Premium
A004_A022_0412HY_V1-0037.mp4,,00:01:26:47,,,5120 x 2700,r3d,"A whale shark, Rhincodon typus, swims up from the depths towards a bagan drop net fishing boat, Cenderawasih Bay, Papua, Indonesia, Pacific Ocean",whaleshark-swimming-up-towards-shafts-of-light,,Cenderawasih,Underwater,,,,,16,,,,,DSMC2 GEMINI 5K S35,,,REDcode 5:1,50,,,,,,,,,,1.09,Commercial,Premium
A004_A025_0412N9_V1-0038.mp4,,00:00:45:45,,,5120 x 2700,r3d,"Two whale sharks, Rhincodon typus, swim side by side past a fishing net and towards the blue, Cenderawasih Bay, Papua, Indonesia, Pacific Ocean",two-whalesharks-swimming-side-by-side,,Cenderawasih,Underwater,,,,,16,,,,,DSMC2 GEMINI 5K S35,,,REDcode 5:1,50,,,,,,,,,,1.09,Commercial,Premium
A004_A026_0412MJ_V1-0039.mp4,,00:01:49:49,,,5120 x 2700,r3d,"Two whale sharks, Rhincodon typus, swim past a large fishing net hanging under a bagan, Cenderawasih Bay, Papua, Indonesia, Pacific Ocean",two-whalesharks-swimming-next-to-fishing-nets,,Cenderawasih,Underwater,,,,,16,,,,,DSMC2 GEMINI 5K S35,,,REDcode 5:1,50,,,,,,,,,,1.09,Commercial,Premium
A004_A026_0412MJ_V1-0040.mp4,,00:01:49:49,,,5120 x 2700,r3d,"Two whale sharks, Rhincodon typus, swim down into the blue, Cenderawasih Bay, Papua, Indonesia, Pacific Ocean",two-whalesharks-swimming-next-to-fishing-net,,Cenderawasih,Underwater,,,,,16,,,,,DSMC2 GEMINI 5K S35,,,REDcode 5:1,50,,,,,,,,,,1.09,Commercial,Premium
A004_A027_04124Y_V1-0041.mp4,,00:00:53:47,,,5120 x 2700,r3d,"A whale shark, Rhincodon typus, swims under a bagan with sun rays and a second shark in the background, Cenderawasih Bay, Papua, Indonesia, Pacific Ocean",whaleshark-backlit-with-sunrays,,Cenderawasih,Underwater,,,,,16,,,,,DSMC2 GEMINI 5K S35,,,REDcode 5:1,50,,,,,,,,,,1.09,Commercial,Premium
A002_A006_0408KE_V1-0016.mp4,,00:00:39:38,,,4608 x 2412,r3d,"Delivery motorbike driver entering frame, viewed from behind, Nabire fish market, Central Papua, Indonesia (No Model Release)",delivery-motorbike-driver,,"Nabire, Cendrawasih Bay",Culture,,,,,16,,,,,DSMC2 GEMINI 5K S35,,,REDcode 8:1,48,,,,,,,,,,191.045,editorial,standard
A002_A008_0408EA_V1-0017.mp4,,00:00:09:44,,,4608 x 2412,r3d,"Indonesian wooden fishing vessel, Nabire, Central Papua, Indonesia",indonesian-wooden-fishing-boat,,"Nabire, Cendrawasih Bay",Culture,,,,,16,,,,,DSMC2 GEMINI 5K S35,,,REDcode 8:1,48,,,,,,,,,,191.045,editorial,standard
A002_A011_0408U8_V1-0018.mp4,,00:00:11:00,,,4608 x 2412,r3d,"Tuna on display early in the morning, Nabire fish market, Central Papua, Indonesia",tuna-on-the-beach,,"Nabire, Cendrawasih Bay",Culture,,,,,16,,,,,DSMC2 GEMINI 5K S35,,,REDcode 8:1,48,,,,,,,,,,191.045,editorial,standard
A002_A014_0408X0_V1-0019.mp4,,00:00:19:02,,,4608 x 2412,r3d,"Fish market vendor cutting tuna early in the morning, Nabire fish market, Central Papua, Indonesia (No Model Release)",fish-market-vendor-nabire,,"Nabire, Cendrawasih Bay",Culture,,,,,16,,,,,DSMC2 GEMINI 5K S35,,,REDcode 8:1,48,,,,,,,,,,191.045,editorial,standard
A002_A015_0408TG_V1-0020.mp4,,00:00:10:03,,,4608 x 2412,r3d,"Fish market vendor cutting tuna early in the morning, Nabire fish market, West Papua, Indonesia (No Model Release)",fish-market-vendor-working,,"Nabire, Cendrawasih Bay",Culture,,,,,16,,,,,DSMC2 GEMINI 5K S35,,,REDcode 8:1,48,,,,,,,,,,191.045,editorial,standard
A002_A016_0408QZ_V1-0021.mp4,,00:00:10:06,,,4608 x 2412,r3d,"People and vendors in Nabire fish market, Central Papua, Indonesia (No Model Release)",people-in-nabire-fish-market,,"Nabire, Cendrawasih Bay",Culture,,,,,16,,,,,DSMC2 GEMINI 5K S35,,,REDcode 8:1,48,,,,,,,,,,191.045,editorial,standard
A002_A017_0408BK_V1-0022.mp4,,00:00:05:35,,,4608 x 2412,r3d,"People and vendors in Nabire fish market, Central Papua, Indonesia (No Model Release)",people-in-fish-market-nabire,,"Nabire, Cendrawasih Bay",Culture,,,,,16,,,,,DSMC2 GEMINI 5K S35,,,REDcode 8:1,48,,,,,,,,,,191.045,editorial,standard
A002_A018_0408TV_V1-0023.mp4,,00:00:09:47,,,4608 x 2412,r3d,"Pan up from live chickens held by a vendor, Nabire market, Central Papua, Indonesia (No Model Release)",vendor-holding-a-chicken-at-market,,"Nabire, Cendrawasih Bay",Culture,,,,,16,,,,,DSMC2 GEMINI 5K S35,,,REDcode 8:1,48,,,,,,,,,,191.045,editorial,standard
A002_A018_0408TV_V1-0035.mp4,,00:00:02:15,,,4608 x 2412,r3d,"Two vendors in Nabire market, Central Papua, Indonesia (No Model Release)",vendors-nabire-market,,"Nabire, Cendrawasih Bay",Culture,,,,,16,,,,,DSMC2 GEMINI 5K S35,,,REDcode 8:1,48,,,,,,,,,,191.045,editorial,standard
A002_A019_0408J0_V1-0024.mp4,,00:01:01:20,,,4608 x 2412,r3d,"Fish market vendor cutting tuna early in the morning, Nabire fish market, Central Papua, Indonesia (No Model Release)",fish-market-vendor-working,,"Nabire, Cendrawasih Bay",Culture,,,,,16,,,,,DSMC2 GEMINI 5K S35,,,REDcode 8:1,48,,,,,,,,,,191.045,editorial,standard
A002_A019_0408J0_V1-0025.mp4,,00:01:01:20,,,4608 x 2412,r3d,"Fish market vendor cutting tuna early in the morning, Nabire fish market, Central Papua, Indonesia (No Model Release)",fish-market-vendor-working-with-tuna,,"Nabire, Cendrawasih Bay",Culture,,,,,16,,,,,DSMC2 GEMINI 5K S35,,,REDcode 8:1,48,,,,,,,,,,191.045,editorial,standard
A002_A022_0408F1_V1-0026.mp4,,00:00:09:04,,,4608 x 2412,r3d,"Fish market vendor cutting tuna early in the morning, Nabire fish market, Central Papua, Indonesia (No Model Release)",fish-market-vendor,,"Nabire, Cendrawasih Bay",Culture,,,,,16,,,,,DSMC2 GEMINI 5K S35,,,REDcode 8:1,48,,,,,,,,,,191.045,editorial,standard
A002_A022_0408F1_V1-0036.mp4,,00:00:50:10,,,4608 x 2412,r3d,"Fish market vendor cutting tuna early in the morning, Nabire fish market, Central Papua, Indonesia (No Model Release)",fish-market-vendor-cutting-tuna,,"Nabire, Cendrawasih Bay",Culture,,,,,16,,,,,DSMC2 GEMINI 5K S35,,,REDcode 8:1,48,,,,,,,,,,191.045,editorial,standard
A002_A022_0408F1_V1-0037.mp4,,00:00:50:10,,,4608 x 2412,r3d,"Fish market vendor cutting tuna early in the morning, Nabire fish market, Central Papua, Indonesia (No Model Release)",fish-market-vendor-cutting-fish,,"Nabire, Cendrawasih Bay",Culture,,,,,16,,,,,DSMC2 GEMINI 5K S35,,,REDcode 8:1,48,,,,,,,,,,191.045,editorial,standard
A002_A025_04081C_V1-0027.mp4,,00:00:10:09,,,4608 x 2412,r3d,"Fish market vendor cutting tuna early in the morning, Nabire fish market, Central Papua, Indonesia (No Model Release)",fish-market-vendor-with-fish,,"Nabire, Cendrawasih Bay",Culture,,,,,16,,,,,DSMC2 GEMINI 5K S35,,,REDcode 8:1,48,,,,,,,,,,191.045,editorial,standard
A002_A027_04087I_V1-0028.mp4,,00:00:15:42,,,4608 x 2412,r3d,"People and vendors in the fresh market in Nabire, Central Papua, Indonesia (No Model Release)",vendors-at-nabire-market,,"Nabire, Cendrawasih Bay",Culture,,,,,16,,,,,DSMC2 GEMINI 5K S35,,,REDcode 8:1,48,,,,,,,,,,191.045,editorial,standard
A002_A028_040876_V1-0029.mp4,,00:00:10:18,,,4608 x 2412,r3d,"Morning vendors selling live chickens in Nabire market, Central Papua, Indonesia (No Model Release)",morning-market-vendors,,"Nabire, Cendrawasih Bay",Culture,,,,,16,,,,,DSMC2 GEMINI 5K S35,,,REDcode 8:1,48,,,,,,,,,,191.045,editorial,standard
A002_A030_0408GE_V1-0030.mp4,,00:00:08:12,,,4608 x 2412,r3d,"Vendors selling fish in Nabire fish market, Central Papua, Indonesia (No Model Release)",vendors-selling-fish-at-nabire-market,,"Nabire, Cendrawasih Bay",Culture,,,,,16,,,,,DSMC2 GEMINI 5K S35,,,REDcode 8:1,48,,,,,,,,,,191.045,editorial,standard
A002_A031_0408JN_V1-0031.mp4,,00:00:21:10,,,4608 x 2412,r3d,"Vendors offloading a delivery at Nabire fish market, Central Papua, Indonesia (No Model Release)",offloading-fish-at-nabire-market,,"Nabire, Cendrawasih Bay",Culture,,,,,16,,,,,DSMC2 GEMINI 5K S35,,,REDcode 8:1,48,,,,,,,,,,191.045,editorial,standard
A002_A032_04092F_V1-0032.mp4,,00:00:11:30,,,4608 x 2412,r3d,"Small fish on a stand for sale in Nabire fresh market, Central Papua, Indonesia (No Model Release)",small-fish-at-market,,"Nabire, Cendrawasih Bay",Culture,,,,,16,,,,,DSMC2 GEMINI 5K S35,,,REDcode 8:1,48,,,,,,,,,,191.045,editorial,standard
A002_A033_0409Z4_V1-0033.mp4,,00:00:13:07,,,4608 x 2412,r3d,"Early morning vendors selling fish in Nabire fish market, Central Papua, Indonesia (No Model Release)",selling-fish-at-market,,"Nabire, Cendrawasih Bay",Culture,,,,,16,,,,,DSMC2 GEMINI 5K S35,,,REDcode 8:1,48,,,,,,,,,,191.045,editorial,standard
A002_A034_0409FF_V1-0034.mp4,,00:00:11:07,,,4608 x 2412,r3d,"Early morning vendors selling fish in Nabire fish market, Central Papua, Indonesia (No Model Release)",nabire-fish-market,,"Nabire, Cendrawasih Bay",Culture,,,,,16,,,,,DSMC2 GEMINI 5K S35,,,REDcode 8:1,48,,,,,,,,,,191.045,editorial,standard
A003_A039_0408XU_V1-0001.mp4,,00:00:09:01,,,4608 x 2412,r3d,"People selling and buying vegetables in a fresh market in Nabire, Central Papua, Indonesia (No Model Release)",fresh-market-nabire,,"Nabire, Cendrawasih Bay",Culture,,,,,16,,,,,DSMC2 GEMINI 5K S35,,,REDcode 8:1,48,,,,,,,,,,191.045,editorial,standard
A003_A041_0408PK_V1-0002.mp4,,00:00:21:44,,,4608 x 2412,r3d,"People selling and buying vegetables in a fresh market in Nabire, Central Papua, Indonesia (No Model Release)",nabire-fish-market,,"Nabire, Cendrawasih Bay",Culture,,,,,16,,,,,DSMC2 GEMINI 5K S35,,,REDcode 8:1,48,,,,,,,,,,191.045,editorial,standard
A003_A045_040856_V1-0003.mp4,,00:00:40:06,,,4608 x 2412,r3d,"Vendors selling durians in Nabire market, Central Papua, Indonesia (No Model Release)",durians-at-market,,"Nabire, Cendrawasih Bay",Culture,,,,,16,,,,,DSMC2 GEMINI 5K S35,,,REDcode 8:1,48,,,,,,,,,,191.045,editorial,standard
A003_A045_040856_V1-0004.mp4,,00:00:40:06,,,4608 x 2412,r3d,"Vendors and durians in Nabire market, Central Papua, Indonesia (No Model Release)",durian-sellers-at-market,,"Nabire, Cendrawasih Bay",Culture,,,,,16,,,,,DSMC2 GEMINI 5K S35,,,REDcode 8:1,48,,,,,,,,,,191.045,editorial,standard
A003_A049_04086G_V1-0005.mp4,,00:00:14:00,,,4608 x 2412,r3d,"People selling and buying vegetables in a fresh market in Nabire, Central Papua, Indonesia (No Model Release)",the-market-at-nabire,,"Nabire, Cendrawasih Bay",Culture,,,,,16,,,,,DSMC2 GEMINI 5K S35,,,REDcode 8:1,48,,,,,,,,,,191.045,editorial,standard
A003_A050_0408L9_V1-0006.mp4,,00:00:08:04,,,4608 x 2412,r3d,"Red chillies in Nabire fresh market, Central Papua, Indonesia (No Model Release)",red-chilies-at-market,,"Nabire, Cendrawasih Bay",Culture,,,,,16,,,,,DSMC2 GEMINI 5K S35,,,REDcode 8:1,48,,,,,,,,,,191.045,editorial,standard
A003_A052_0408PN_V1-0007.mp4,,00:00:11:01,,,4608 x 2412,r3d,"People selling and buying vegetables in a fresh market in Nabire, Central Papua, Indonesia (No Model Release)",fresh-market-in-nabire,,"Nabire, Cendrawasih Bay",Culture,,,,,16,,,,,DSMC2 GEMINI 5K S35,,,REDcode 8:1,48,,,,,,,,,,191.045,editorial,standard
A003_A053_0408QB_V1-0008.mp4,,00:00:11:08,,,4608 x 2412,r3d,"Man inspecting coconuts in Nabire market, Central Papua, Indonesia (No Model Release)",coconuts-at-market,,"Nabire, Cendrawasih Bay",Culture,,,,,16,,,,,DSMC2 GEMINI 5K S35,,,REDcode 8:1,48,,,,,,,,,,191.045,editorial,standard
A003_A054_0408PZ_V1-0009.mp4,,00:00:11:29,,,4608 x 2412,r3d,"People selling and buying vegetables in a fresh market in Nabire, Central Papua, Indonesia (No Model Release)",nabire-market,,"Nabire, Cendrawasih Bay",Culture,,,,,16,,,,,DSMC2 GEMINI 5K S35,,,REDcode 8:1,48,,,,,,,,,,191.045,editorial,standard
A003_A055_04080W_V1-0010.mp4,,00:00:14:33,,,4608 x 2412,r3d,"People selling and buying vegetables in a fresh market in Nabire, Central Papua, Indonesia (No Model Release)",nabire-fresh-market,,"Nabire, Cendrawasih Bay",Culture,,,,,16,,,,,DSMC2 GEMINI 5K S35,,,REDcode 8:1,48,,,,,,,,,,191.045,editorial,standard
A003_A056_0408DM_V1-0011.mp4,,00:00:09:30,,,4608 x 2412,r3d,"People selling and buying vegetables in a fresh market in Nabire, Central Papua, Indonesia (No Model Release)",market-in-nabire,,"Nabire, Cendrawasih Bay",Culture,,,,,16,,,,,DSMC2 GEMINI 5K S35,,,REDcode 8:1,48,,,,,,,,,,191.045,editorial,standard
A003_A057_0408GO_V1-0012.mp4,,00:00:06:45,,,4608 x 2412,r3d,"People selling and buying vegetables in a fresh market in Nabire, Central Papua, Indonesia (No Model Release)",vendors-in-nabire-market,,"Nabire, Cendrawasih Bay",Culture,,,,,16,,,,,DSMC2 GEMINI 5K S35,,,REDcode 8:1,48,,,,,,,,,,191.045,editorial,standard
A003_A058_0408D5_V1-0013.mp4,,00:00:25:00,,,4608 x 2412,r3d,"People smiling at the camera in Nabire market, Central Papua, Indonesia (No Model Release)",people-smiling-at-camera-nabire,,"Nabire, Cendrawasih Bay",Culture,,,,,16,,,,,DSMC2 GEMINI 5K S35,,,REDcode 8:1,48,,,,,,,,,,191.045,editorial,standard
A003_A059_0408CH_V1-0014.mp4,,00:00:18:35,,,4608 x 2412,r3d,"People selling and buying vegetables in a fresh market in Nabire, Central Papua, Indonesia (No Model Release)",buying-and-selling-in-nabire-market,,"Nabire, Cendrawasih Bay",Culture,,,,,16,,,,,DSMC2 GEMINI 5K S35,,,REDcode 8:1,48,,,,,,,,,,191.045,editorial,standard
A003_A059_0408CH_V1-0015.mp4,,00:00:18:35,,,4608 x 2412,r3d,"People selling and buying vegetables in a fresh market in Nabire, Central Papua, Indonesia (No Model Release)",nabire-market-buying-and-selling,,"Nabire, Cendrawasih Bay",Culture,,,,,16,,,,,DSMC2 GEMINI 5K S35,,,REDcode 8:1,48,,,,,,,,,,191.045,editorial,standard
A005_A075_04143F_V1-0017.mp4,,00:00:08:10,,,4608 x 2412,r3d,"Tropical eelgrass, Enhalus acoroides, in the shallows swaying with the water movement, Cenderawasih Bay, Central Papua, Indonesia, Pacific Ocean",shallow-seagrass-swaying-in-the-shallows,,Cendrawasih Bay,FALSE,,,,,16,,,,,A005_A075_04143F_001.R3D,,,A,REDcode 7:1,,,,,,,,,,20,commercial,standard
A005_A076_04149A_V1-0018.mp4,,00:00:12:09,,,4608 x 2412,r3d,"Camera tracking forward over tropical eelgrass, Enhalus acoroides, on a shallow sandy bottom, Cenderawasih Bay, Central Papua, Indonesia, Pacific Ocean",tracking-forward-over-seagrass,,Cendrawasih Bay,FALSE,,,,,16,,,,,A005_A076_04149A_001.R3D,,,A,REDcode 7:1,,,,,,,,,,20,commercial,standard
A005_A078_0414QC_V1-0001.mp4,,00:00:26:24,,,4608 x 2412,r3d,"Several boring giant clams, Tridacna crocea, embedded in a field of Acropora branching corals, Cenderawasih Bay, Central Papua, Indonesia, Pacific Ocean",boring-giant-clams-on-a-reef,,Cendrawasih Bay,FALSE,,,,,16,,,,,A005_A078_0414QC_001.R3D,,,A,REDcode 7:1,,,,,,,,,,20,commercial,standard
A005_A079_0414KA_V1-0002.mp4,,00:00:12:17,,,4608 x 2412,r3d,"Several boring giant clams, Tridacna crocea, embedded in a field of Acropora branching corals, Cenderawasih Bay, Central Papua, Indonesia, Pacific Ocean",boring-giant-clams-on-a-reef,,Cendrawasih Bay,FALSE,,,,,16,,,,,A005_A079_0414KA_001.R3D,,,A,REDcode 7:1,,,,,,,,,,20,commercial,standard
A005_A080_0414L1_V1-0003.mp4,,00:00:15:07,,,4608 x 2412,r3d,"Panning around boring giant clams, Tridacna crocea, embedded in a field of Acropora branching corals, Cenderawasih Bay, Central Papua, Indonesia, Pacific Ocean",panning-around-boring-giant-clams,,Cendrawasih Bay,FALSE,,,,,16,,,,,A005_A080_0414L1_001.R3D,,,A,REDcode 7:1,,,,,,,,,,35,commercial,standard
A005_A080_0414L1_V1-0007.mp4,,00:00:18:08,,,4608 x 2412,r3d,"Panning around boring giant clams, Tridacna crocea, embedded in a field of Acropora branching corals, Cenderawasih Bay, Central Papua, Indonesia, Pacific Ocean",panning-around-boring-giant-clams,,Cendrawasih Bay,FALSE,,,,,16,,,,,A005_A080_0414L1_001.R3D,,,A,REDcode 7:1,,,,,,,,,,35,commercial,standard
A005_A081_0414Z0_V1-0004.mp4,,00:01:26:06,,,4608 x 2412,r3d,"A pair of Clarke’s anemonefish, Amphiprion clarkii, and boring giant clams, Tridacna crocea, on a hard coral reef with healthy Acropora corals, Cenderawasih Bay, Central Papua, Indonesia, Pacific Ocean",anemone-fish-and-giant-clams-on-reef,,Cendrawasih Bay,FALSE,,,,,16,,,,,A005_A081_0414Z0_001.R3D,,,A,REDcode 7:1,,,,,,,,,,35,commercial,standard
A005_A081_0414Z0_V1-0013.mp4,,00:01:26:06,,,4608 x 2412,r3d,"A healthy hard coral reef with several species of tropical fish, Cenderawasih Bay, Central Papua, Indonesia, Pacific Ocean",healthy-hard-coral-reef,,Cendrawasih Bay,FALSE,,,,,16,,,,,A005_A081_0414Z0_001.R3D,,,A,REDcode 7:1,,,,,,,,,,35,commercial,standard
A005_A082_0414ET_V1-0010.mp4,,00:00:15:14,,,4608 x 2412,r3d,"Camera pushing forward across a healthy hard coral reef, Cenderawasih Bay, Central Papua, Indonesia, Pacific Ocean",pushing-forward-over-hard-coral-reef,,Cendrawasih Bay,FALSE,,,,,16,,,,,A005_A082_0414ET_001.R3D,,,A,REDcode 7:1,,,,,,,,,,21,commercial,standard
A005_A082_0414ET_V1-0012.mp4,,00:00:31:15,,,4608 x 2412,r3d,"Camera pushing forward across a healthy hard coral reef with a variety of tropical fish, Cenderawasih Bay, Central Papua, Indonesia, Pacific Ocean",pushing-forward-over-hard-coral-reef,,Cendrawasih Bay,FALSE,,,,,16,,,,,A005_A082_0414ET_001.R3D,,,A,REDcode 7:1,,,,,,,,,,21,commercial,standard
A005_A083_0414RW_V1-0005.mp4,,00:00:17:00,,,4608 x 2412,r3d,"Camera pushes forward over boring giant clams, Tridacna crocea, embedded in a field of Acropora branching corals, Cenderawasih Bay, Central Papua, Indonesia, Pacific Ocean",hard-coral-reef-and-boring-giant-clams,,Cendrawasih Bay,FALSE,,,,,16,,,,,A005_A083_0414RW_001.R3D,,,A,REDcode 7:1,,,,,,,,,,21,commercial,standard
A005_A083_0414RW_V1-0008.mp4,,00:00:09:03,,,4608 x 2412,r3d,"Downward angle looking at three boring giant clams, Tridacna crocea, and anemone in a coral garden, Cenderawasih Bay, Central Papua, Indonesia, Pacific Ocean",three-giant-clams,,Cendrawasih Bay,FALSE,,,,,16,,,,,A005_A083_0414RW_001.R3D,,,A,REDcode 7:1,,,,,,,,,,21,commercial,standard
A005_A084_0414R7_V1-0006.mp4,,00:00:24:02,,,4608 x 2412,r3d,"A pair of Clarke’s anemonefish, Amphiprion clarkii, and boring giant clams, Tridacna crocea, on a hard coral reef with healthy Acropora corals, Cenderawasih Bay, Central Papua, Indonesia, Pacific Ocean",anemone-fish-and-giant-clams-on-reef,,Cendrawasih Bay,FALSE,,,,,16,,,,,A005_A084_0414R7_001.R3D,,,A,REDcode 7:1,,,,,,,,,,21,commercial,standard
A005_A085_0414JM_V1-0009.mp4,,00:00:40:19,,,4608 x 2412,r3d,"Camera pushing forward over a healthy hard coral reef, Cenderawasih Bay, Central Papua, Indonesia, Pacific Ocean",hard-coral-reef,,Cendrawasih Bay,FALSE,,,,,16,,,,,A005_A085_0414JM_001.R3D,,,A,REDcode 7:1,,,,,,,,,,21,commercial,standard
A005_A085_0414JM_V1-0011.mp4,,00:00:40:19,,,4608 x 2412,r3d,"Camera pushing forward over a healthy hard coral reef, Cenderawasih Bay, Central Papua, Indonesia, Pacific Ocean",pushing-forward-over-coral-reef,,Cendrawasih Bay,FALSE,,,,,16,,,,,A005_A085_0414JM_001.R3D,,,A,REDcode 7:1,,,,,,,,,,21,commercial,standard
A005_A086_04140A_V1-0021.mp4,,00:00:34:10,,,4608 x 2412,r3d,"A school of yellowstripe scad, Selaroides leptolepis, swimming in a tight group close to the bottom, Cenderawasih Bay, Central Papua, Indonesia, Pacific Ocean",school-of-yellow-stripe-scad,,Cendrawasih Bay,FALSE,,,,,16,,,,,A005_A086_04140A_001.R3D,,,A,REDcode 7:1,,,,,,,,,,21,commercial,standard
A005_A087_0414UX_V1-0019.mp4,,00:00:35:09,,,4608 x 2412,r3d,"Swimming through a school of yellowstripe scad, Selaroides leptolepis, Cenderawasih Bay, Central Papua, Indonesia, Pacific Ocean",swimming-through-a-school-of-yellow-stripe-scad,,Cendrawasih Bay,FALSE,,,,,16,,,,,A005_A087_0414UX_001.R3D,,,A,REDcode 7:1,,,,,,,,,,21,commercial,standard
A005_A087_0414UX_V1-0022.mp4,,00:00:35:09,,,4608 x 2412,r3d,"Swimming through a school of yellowstripe scad, Selaroides leptolepis, Cenderawasih Bay, Central Papua, Indonesia, Pacific Ocean",swimming-through-a-school-of-yellow-stripe-scad,,Cendrawasih Bay,FALSE,,,,,16,,,,,A005_A087_0414UX_001.R3D,,,A,REDcode 7:1,,,,,,,,,,21,commercial,standard
A005_A087_0414UX_V1-0023.mp4,,00:00:18:14,,,4608 x 2412,r3d,"Swimming through a school of yellowstripe scad, Selaroides leptolepis, Cenderawasih Bay, Central Papua, Indonesia, Pacific Ocean",swimming-through-a-school-of-yellow-stripe-scad,,Cendrawasih Bay,FALSE,,,,,16,,,,,A005_A087_0414UX_001.R3D,,,A,REDcode 7:1,,,,,,,,,,21,commercial,standard
A005_A088_041476_V1-0020.mp4,,00:00:44:08,,,4608 x 2412,r3d,"A school of yellow stripe scad parts around the camera, Selaroides leptolepis, Cenderawasih Bay, Central Papua, Indonesia, Pacific Ocean",a-school-of-yellow-scad-split-past-the-camera,,Cendrawasih Bay,FALSE,,,,,16,,,,,A005_A088_041476_001.R3D,,,A,REDcode 7:1,,,,,,,,,,21,commercial,standard
A005_A088_041476_V1-0024.mp4,,00:00:44:08,,,4608 x 2412,r3d,"A school of yellowstripe scad swims past the camera, Selaroides leptolepis, Cenderawasih Bay, Central Papua, Indonesia, Pacific Ocean",a-school-of-yellow-scad-swim-past-the-camera,,Cendrawasih Bay,FALSE,,,,,16,,,,,A005_A088_041476_001.R3D,,,A,REDcode 7:1,,,,,,,,,,21,commercial,standard
A005_A088_041476_V1-0025.mp4,,00:00:08:07,,,4608 x 2412,r3d,"A school of yellowstripe scad swims past the camera, Selaroides leptolepis, Cenderawasih Bay, Central Papua, Indonesia, Pacific Ocean",a-school-of-yellow-scad-swim-past-the-camera,,Cendrawasih Bay,FALSE,,,,,16,,,,,A005_A088_041476_001.R3D,,,A,REDcode 7:1,,,,,,,,,,21,commercial,standard
A005_A090_0414FY_V1-0026.mp4,,00:00:14:21,,,4608 x 2412,r3d,"A school of yellowstripe scad swims over a hard coral reef, Selaroides leptolepis, Cenderawasih Bay, Central Papua, Indonesia, Pacific Ocean",a-school-of-yellow-strip-scad-over-a-coral-reef,,Cendrawasih Bay,FALSE,,,,,16,,,,,A005_A090_0414FY_001.R3D,,,A,REDcode 7:1,,,,,,,,,,35,commercial,standard
A005_A092_04141G_V1-0014.mp4,,00:00:07:08,,,4608 x 2412,r3d,"Camera moves up while looking down at Indo-Pacific giant barrel sponges, Xestospongia testudinaria, Cenderawasih Bay, Central Papua, Indonesia, Pacific Ocean",indo-pacific-giant-sponges,,Cendrawasih Bay,FALSE,,,,,16,,,,,A005_A092_04141G_001.R3D,,,A,REDcode 7:1,,,,,,,,,,21,commercial,standard
A005_A093_0414KI_V1-0015.mp4,,00:00:31:06,,,4608 x 2412,r3d,"Camera tracking forward over a healthy hard coral reef, Cenderawasih Bay, Central Papua, Indonesia, Pacific Ocean",healthy-hard-coral-reef,,Cendrawasih Bay,FALSE,,,,,16,,,,,A005_A093_0414KI_001.R3D,,,A,REDcode 7:1,,,,,,,,,,21,commercial,standard
A005_A094_041455_V1-0016.mp4,,00:00:20:24,,,4608 x 2412,r3d,"Dappled sunlight reflecting off white sand in the shallows of Cenderawasih Bay, Central Papua, Indonesia, Pacific Ocean",sunlight-reflecting-off-white-sand,,Cendrawasih Bay,FALSE,,,,,16,,,,,A005_A094_041455_001.R3D,,,A,REDcode 7:1,,,,,,,,,,20,commercial,standard
A003_A010_0411CY_V2-0001.mp4,,00:00:16:19,,,5120 x 2700,r3d,"A static clip of flat water and jungle on the coast of Cenderawasih Bay, Central Papua, Indonesia, Pacific Ocean",static-coastal-papuan-landscape,,Cendrawasih Bay,FALSE,,,,,16,,,,,Thu Apr 22 11:38:44 2021,,,130-27C-A4B,A,,,,,,,,,,110,commercial,standard
A003_A011_0411AQ_V2-0002.mp4,,00:00:11:04,,,5120 x 2700,r3d,"Panning from left to right across the coastline with flat water, a white beach and green tropical jungle, Cenderawasih Bay, Central Papua, Indonesia, Pacific Ocean",panning-left-to-right-papuan-landscape,,Cendrawasih Bay,FALSE,,,,,16,,,,,Thu Apr 22 11:38:48 2021,,,130-27C-A4B,A,,,,,,,,,,110,commercial,standard
A003_A014_0411SN_V2-0003.mp4,,00:00:25:18,,,5120 x 2700,r3d,"A wide static clip of flat water, white sand beach and jungle on the coast of Cenderawasih Bay, Central Papua, Indonesia, Pacific Ocean",wide-static-coastal-papuan-landscape,,Cendrawasih Bay,FALSE,,,,,16,,,,,Thu Apr 22 11:39:09 2021,,,130-27C-A4B,A,,,,,,,,,,110,commercial,standard
A005_A100_0414R2_V2-0009.mp4,,00:00:17:00,,,5120 x 2700,r3d,"Evening sunlight reflecting on small waves as they break on a beach, Cenderawasih Bay, Central Papua, Indonesia, Pacific Ocean",evening-sunlight-reflects-off-waves-at-beach,,Cendrawasih Bay,FALSE,,,,,16,,,,,Tue Apr 20 14:21:06 2021,,,130-27C-A4B,A,,,,,,,,,,320,commercial,standard
A005_A101_0414KG_V2-0010.mp4,,00:00:13:03,,,5120 x 2700,r3d,"Evening sunlight reflecting on small waves as they break on a beach, Cenderawasih Bay, Central Papua, Indonesia, Pacific Ocean",evening-sunlight-reflects-off-waves-at-beach,,Cendrawasih Bay,FALSE,,,,,16,,,,,Tue Apr 20 14:22:40 2021,,,130-27C-A4B,A,,,,,,,,,,320,commercial,standard
A005_A103_0414I8_V2-0004.mp4,,00:00:08:00,,,5120 x 2700,r3d,"Small waves wash ashore onto a beach with large green trees growing almost to the shoreline, Cenderawasih Bay, Central Papua, Indonesia, Pacific Ocean",ocean-waves-washing-ashore-on-papuan-beach,,Cendrawasih Bay,FALSE,,,,,16,,,,,Tue Apr 20 14:21:15 2021,,,130-27C-A4B,A,,,,,,,,,,160,commercial,standard
A005_A104_04146P_V2-0005.mp4,,00:00:07:11,,,5120 x 2700,r3d,"Panning left from a calm ocean to a beach surrounded by large green trees, Cenderawasih Bay, Central Papua, Indonesia, Pacific Ocean",panning-left-to-right-from-ocean-to-jungle,,Cendrawasih Bay,FALSE,,,,,16,,,,,Tue Apr 20 14:22:57 2021,,,130-27C-A4B,A,,,,,,,,,,160,commercial,standard
A005_A105_0414EK_V2-0006.mp4,,00:00:09:06,,,5120 x 2700,r3d,"Small waves breaking on the beach, Cenderawasih Bay, Central Papua, Indonesia, Pacific Ocean",waves-breaking-on-the-beach,,Cendrawasih Bay,FALSE,,,,,16,,,,,Tue Apr 20 14:21:24 2021,,,130-27C-A4B,A,,,,,,,,,,160,commercial,standard
A006_A006_0413W3_V2-0007.mp4,,00:00:24:13,,,5120 x 2700,r3d,"Small waves break over a piece of driftwood on the beach, Cenderawasih Bay, Central Papua, Indonesia, Pacific Ocean",waves-breaking-over-driftwood,,Cendrawasih Bay,FALSE,,,,,16,,,,,Fri Apr 23 11:58:58 2021,,,130-27C-A4B,A,,,,,,,,,,40,commercial,standard
A006_A007_0413FD_V2-0008.mp4,,00:00:08:16,,,5120 x 2700,r3d,"Camera pans to the right as a wave breaks over a piece of driftwood on the beach, Cenderawasih Bay, Central Papua, Indonesia, Pacific Ocean",panning-as-a-wave-breaksover-driftwood,,Cendrawasih Bay,FALSE,,,,,16,,,,,Fri Apr 23 11:59:03 2021,,,130-27C-A4B,A,,,,,,,,,,40,commercial,standard
A006_A005_0413BD_V1-0001.mp4,,00:00:03:14,,,5120 x 2700,r3d,"A Papuan man prepares his speargun before heading out fishing, near Nabire, Central Papua, Indonesia (No Model Release)",papuan-man-preparing-fishing-gear,,"Cendrawasih Bay, Indonesia",Culture,,,,,16,,,,,DSMC2 GEMINI 5K S35,,,REDcode 8:1,75,,,,,,,,,,1.09,Editorial,Standard
A006_A005_0413BD_V1-0030.mp4,,00:00:04:00,,,5120 x 2700,r3d,"A Papuan man prepares his spear gun for fishing, Nabire, Central Papua, Indonesia (No Model Release)",papuan-man-preparing-spear-gun,,"Cendrawasih Bay, Indonesia",Culture,,,,,16,,,,,DSMC2 GEMINI 5K S35,,,REDcode 8:1,75,,,,,,,,,,1.09,Editorial,Standard
A006_A008_0413KT_V1-0002.mp4,,00:00:36:05,,,5120 x 2700,r3d,"A Papuan man descends the stairs of his house and picks up his spear gun, Nabire, Central Papua, Indonesia (No Model Release)",papuan-man-descending-stairs,,"Cendrawasih Bay, Indonesia",Culture,,,,,16,,,,,DSMC2 GEMINI 5K S35,,,REDcode 8:1,75,,,,,,,,,,1.09,Editorial,Standard
A006_A009_0413QE_V1-0003.mp4,,00:00:23:10,,,5120 x 2700,r3d,"The hand of a Papuan man reaches out to grab a spear gun, Nabire, Central Papua, Indonesia (No Model Release)",hand-grabs-spear-gun,,"Cendrawasih Bay, Indonesia",Culture,,,,,16,,,,,DSMC2 GEMINI 5K S35,,,REDcode 8:1,75,,,,,,,,,,1.09,Editorial,Standard
A006_A010_0413C8_V1-0004.mp4,,00:00:25:04,,,5120 x 2700,r3d,"A Papuan man walks away from his house with his spear gun before putting it down, Nabire, Central Papua, Indonesia (No Model Release)",papuan-man-walks-with-spear-gun,,"Cendrawasih Bay, Indonesia",Culture,,,,,16,,,,,DSMC2 GEMINI 5K S35,,,REDcode 8:1,75,,,,,,,,,,1.09,Editorial,Standard
A006_A011_04134S_V1-0005.mp4,,00:00:25:10,,,5120 x 2700,r3d,"A man pulls a wooden paddle out from under his house, Nabire, Central Papua, Indonesia (No Model Release)",pulling-out-a-paddle,,"Cendrawasih Bay, Indonesia",Culture,,,,,16,,,,,DSMC2 GEMINI 5K S35,,,REDcode 8:1,75,,,,,,,,,,1.09,Editorial,Standard
A006_A012_0413V7_V1-0006.mp4,,00:00:06:23,,,5120 x 2700,r3d,"A Papuan man smiles at the camera, Nabire, Central Papua, Indonesia (No Model Release)",papuan-man-smiles-at-camera,,"Cendrawasih Bay, Indonesia",Culture,,,,,16,,,,,DSMC2 GEMINI 5K S35,,,REDcode 8:1,75,,,,,,,,,,1.09,Editorial,Standard
A006_A014_04137A_V1-0007.mp4,,00:00:18:06,,,5120 x 2700,r3d,"A man collects his custom goggles from a shelf filled with skulls and shells, Nabire, Central Papua, Indonesia (No Model Release)",pulling-goggle-from-shelf,,"Cendrawasih Bay, Indonesia",Culture,,,,,16,,,,,DSMC2 GEMINI 5K S35,,,REDcode 8:1,75,,,,,,,,,,1.09,Editorial,Standard
A006_A015_0413BJ_V1-0008.mp4,,00:00:21:22,,,5120 x 2700,r3d,"A man walks out of his house as filmed from behind, Nabire, Central Papua, Indonesia (No Model Release)",man-leaving-house,,"Cendrawasih Bay, Indonesia",Culture,,,,,16,,,,,DSMC2 GEMINI 5K S35,,,REDcode 8:1,75,,,,,,,,,,1.09,Editorial,Standard
A006_A017_0413T3_V1-0009.mp4,,00:00:19:18,,,5120 x 2700,r3d,"Panning from left to right across a Papuan canoe in early morning light, Nabire, Central Papua, Indonesia (No Model Release)",panning-across-papuan-canoe,,"Cendrawasih Bay, Indonesia",Culture,,,,,16,,,,,DSMC2 GEMINI 5K S35,,,REDcode 8:1,75,,,,,,,,,,1.09,Editorial,Standard
A006_A019_0413FC_V1-0010.mp4,,00:00:04:06,,,5120 x 2700,r3d,"Camera tilts up from the chest to the face of a Papuan fisherman, Nabire, Central Papua, Indonesia (No Model Release)",tilting-up-to-papuan-fisherman-face,,"Cendrawasih Bay, Indonesia",Culture,,,,,16,,,,,DSMC2 GEMINI 5K S35,,,REDcode 8:1,75,,,,,,,,,,1.09,Editorial,Standard
A006_A020_0413PN_V1-0011.mp4,,00:00:16:11,,,5120 x 2700,r3d,"A Papuan man working on his dugout boat, Nabire, Central Papua, Indonesia (No Model Release)",man-works-on-his-boat,,"Cendrawasih Bay, Indonesia",Culture,,,,,16,,,,,DSMC2 GEMINI 5K S35,,,REDcode 8:1,75,,,,,,,,,,1.09,Editorial,Standard
A006_A021_0413RD_V1-0012.mp4,,00:00:07:23,,,5120 x 2700,r3d,"Tying green line to a rusted speargun shaft shaft, Nabire, Central Papua, Indonesia (No Model Release)",tying-line-to-spear-gun,,"Cendrawasih Bay, Indonesia",Culture,,,,,16,,,,,DSMC2 GEMINI 5K S35,,,REDcode 8:1,75,,,,,,,,,,1.09,Editorial,Standard
A006_A022_041303_V1-0013.mp4,,00:00:25:24,,,5120 x 2700,r3d,"Tying green line to the wooden end of a traditional spear gun, Nabire, Central Papua, Indonesia (No Model Release)",tying-green-line-to-spear-gun,,"Cendrawasih Bay, Indonesia",Culture,,,,,16,,,,,DSMC2 GEMINI 5K S35,,,REDcode 8:1,75,,,,,,,,,,1.09,Editorial,Standard
A006_A022_041303_V1-0014.mp4,,00:00:25:24,,,5120 x 2700,r3d,"Tying green line to the wooden end of a traditional spear gun, Nabire, Central Papua, Indonesia (No Model Release)",tying-green-line-to-spear-gun,,"Cendrawasih Bay, Indonesia",Culture,,,,,16,,,,,DSMC2 GEMINI 5K S35,,,REDcode 8:1,75,,,,,,,,,,1.09,Editorial,Standard
A006_A026_0413CN_V1-0015.mp4,,00:00:22:07,,,5120 x 2700,r3d,"Two men carry a small wooden traditional boat over the beach to the sea, Nabire, Central Papua, Indonesia (No Model Release)",two-men-carry-boat,,"Cendrawasih Bay, Indonesia",Culture,,,,,16,,,,,DSMC2 GEMINI 5K S35,,,REDcode 8:1,75,,,,,,,,,,1.09,Editorial,Standard
A006_A028_0413JY_V1-0016.mp4,,00:00:47:18,,,5120 x 2700,r3d,"A man enters his small outrigger canoe and starts to paddle out to sea, Nabire, Central Papua, Indonesia (No Model Release)",man-enters-outrigger-canoe,,"Cendrawasih Bay, Indonesia",Culture,,,,,16,,,,,DSMC2 GEMINI 5K S35,,,REDcode 8:1,75,,,,,,,,,,1.09,Editorial,Standard
A006_A028_0413JY_V1-0031.mp4,,00:00:08:20,,,5120 x 2700,r3d,"A Papuan man paddles a small outrigger canoe out to sea, Nabire, Central Papua, Indonesia (No Model Release)",paddling-an-outrigger-to-sea,,"Cendrawasih Bay, Indonesia",Culture,,,,,16,,,,,DSMC2 GEMINI 5K S35,,,REDcode 8:1,75,,,,,,,,,,1.09,Editorial,Standard
A006_A029_0413LC_V1-0017.mp4,,00:00:16:17,,,5120 x 2700,r3d,"Papuan man paddles his outrigger canoe, Nabire, Central Papua, Indonesia (No Model Release)",paddling-an-outrigger-canoe,,"Cendrawasih Bay, Indonesia",Culture,,,,,16,,,,,DSMC2 GEMINI 5K S35,,,REDcode 8:1,75,,,,,,,,,,1.09,Editorial,Standard
A006_A029_0413LC_V1-0032.mp4,,00:00:13:02,,,5120 x 2700,r3d,"Papuan man paddles his outrigger canoe, Nabire, Central Papua, Indonesia (No Model Release)",man-paddling-outrigger-canoe,,"Cendrawasih Bay, Indonesia",Culture,,,,,16,,,,,DSMC2 GEMINI 5K S35,,,REDcode 8:1,75,,,,,,,,,,1.09,Editorial,Standard
A006_A032_0413DR_V1-0018.mp4,,00:00:31:05,,,5120 x 2700,r3d,"Papuan man paddles his outrigger canoe, Nabire, Central Papua, Indonesia (No Model Release)",papuan-man-paddling-canoe,,"Cendrawasih Bay, Indonesia",Culture,,,,,16,,,,,DSMC2 GEMINI 5K S35,,,REDcode 8:1,75,,,,,,,,,,1.09,Editorial,Standard
A006_A033_0413BU_V1-0019.mp4,,00:00:26:17,,,5120 x 2700,r3d,"A Papuan spear fisherman with traditional goggles ducks his head underwater, Nabire, Central Papua, Indonesia (No Model Release)",spearfishing-with-traditional-goggles,,"Cendrawasih Bay, Indonesia",Culture,,,,,16,,,,,DSMC2 GEMINI 5K S35,,,REDcode 8:1,75,,,,,,,,,,1.09,Editorial,Standard
A006_A034_0413GQ_V1-0020.mp4,,00:01:14:08,,,4608 x 2412,r3d,"Split-level shot of a spear fisherman pulling up his rock anchor, Nabire, Central Papua, Indonesia (No Model Release)",split-level-pulling-up-anchor,,"Cendrawasih Bay, Indonesia",Culture,,,,,16,,,,,DSMC2 GEMINI 5K S35,,,REDcode 7:1,75,,,,,,,,,,191.045,Editorial,Standard
A006_A034_0413GQ_V1-0021.mp4,,00:01:14:08,,,4608 x 2412,r3d,"A spear fisherman climbing into his outrigger canoe, Nabire, Central Papua, Indonesia (No Model Release)",climbing-into-outrigger,,"Cendrawasih Bay, Indonesia",Culture,,,,,16,,,,,DSMC2 GEMINI 5K S35,,,REDcode 7:1,75,,,,,,,,,,191.045,Editorial,Standard
A006_A035_0413TN_V1-0022.mp4,,00:00:18:22,,,4608 x 2412,r3d,"Split-level shot of a local fisherman entering the ocean from his outrigger canoe, Nabire, Central Papua, Indonesia (No Model Release)",split-shot-fisherman-enters-water,,"Cendrawasih Bay, Indonesia",Culture,,,,,16,,,,,DSMC2 GEMINI 5K S35,,,REDcode 7:1,75,,,,,,,,,,191.045,Editorial,Standard
A006_A037_0413LI_V1-0023.mp4,,00:00:37:17,,,4608 x 2412,r3d,"A local spear fisherman without fins submerges to check out a school of fish, Nabire, Central Papua, Indonesia (No Model Release)",spear-fisherman-chasing-fish,,"Cendrawasih Bay, Indonesia",Culture,,,,,16,,,,,DSMC2 GEMINI 5K S35,,,REDcode 7:1,75,,,,,,,,,,191.045,Editorial,Standard
A006_A038_0413XE_V1-0024.mp4,,00:00:32:01,,,4608 x 2412,r3d,"Split-level shot of a local spear fisherman surfacing from a dive with a dock in the background, Nabire, Central Papua, Indonesia (No Model Release)",spearfisher-rises-to-the-surface,,"Cendrawasih Bay, Indonesia",Culture,,,,,16,,,,,DSMC2 GEMINI 5K S35,,,REDcode 7:1,75,,,,,,,,,,191.045,Editorial,Standard
A006_A039_0413B6_V1-0025.mp4,,00:01:09:20,,,4608 x 2412,r3d,"A spear fisherman at the surface holding his spear and looking into the depths, Nabire, Central Papua, Indonesia (No Model Release)",spear-fisherman-at-the-surface,,"Cendrawasih Bay, Indonesia",Culture,,,,,16,,,,,DSMC2 GEMINI 5K S35,,,REDcode 7:1,75,,,,,,,,,,191.045,Editorial,Standard
A006_A039_0413B6_V1-0026.mp4,,00:01:09:20,,,4608 x 2412,r3d,"A local Papuan spear fisherman submerges and shoots into a school of fish, Nabire, Central Papua, Indonesia (No Model Release)",spearfisherman-submerges-and-shoots,,"Cendrawasih Bay, Indonesia",Culture,,,,,16,,,,,DSMC2 GEMINI 5K S35,,,REDcode 7:1,75,,,,,,,,,,191.045,Editorial,Standard
A006_A040_0413D8_V1-0027.mp4,,00:00:47:22,,,4608 x 2412,r3d,"A Papuan spear fisherman swims over the camera, Nabire, Central Papua, Indonesia (No Model Release)",spear-fisherman-swims-over-the-camera,,"Cendrawasih Bay, Indonesia",Culture,,,,,16,,,,,DSMC2 GEMINI 5K S35,,,REDcode 7:1,75,,,,,,,,,,191.045,Editorial,Standard
A006_A042_0413J2_V1-0028.mp4,,00:00:39:09,,,4608 x 2412,r3d,"An outrigger canoe being paddled above the camera, Nabire, Central Papua, Indonesia (No Model Release)",outrigger-canoe-from-below,,"Cendrawasih Bay, Indonesia",Culture,,,,,16,,,,,DSMC2 GEMINI 5K S35,,,REDcode 7:1,75,,,,,,,,,,191.045,Editorial,Standard
A006_A043_0413OQ_V1-0029.mp4,,00:00:23:04,,,4608 x 2412,r3d,"Close-up of a wooden paddle pulling through the water powering a wooden canoe, Nabire, Central Papua, Indonesia (No Model Release)",close-up-of-wooden-paddle,,"Cendrawasih Bay, Indonesia",Culture,,,,,16,,,,,DSMC2 GEMINI 5K S35,,,REDcode 7:1,75,,,,,,,,,,191.045,Editorial,Standard
A005_A060_0412FC_V1-0001.mp4,,00:00:20:06,,,5120 x 2700,r3d,"A national park ranger lifts binoculars to his eyes to look into the lush greenery of a Papuan rainforest, Cenderawasih Bay, Central Papua, Indonesia (No Model Release)",ranger-in-the-central-papuan-rainforest,,"Cendrawasih Bay, Indonesia",Culture,,,,,16,,,,,DSMC2 GEMINI 5K S35,,,REDcode 11:1,96,,,,,,,,,,1.09,Editorial,standard
A005_A061_0412I0_V1-0002.mp4,,00:00:36:06,,,5120 x 2700,r3d,"A national park ranger lifts binoculars to his eyes to look into the lush greenery of a Papuan rainforest, Cenderawasih Bay, Central Papua, Indonesia (No Model Release)",forest-ranger-using-binoculars-in-the-central-papua-rain-forest,,"Cendrawasih Bay, Indonesia",Culture,,,,,16,,,,,DSMC2 GEMINI 5K S35,,,REDcode 8:1,75,,,,,,,,,,1.09,Editorial,standard
A005_A062_0412W2_V1-0003.mp4,,00:00:14:03,,,5120 x 2700,r3d,"Close-up of a national park ranger lifts binoculars to his eyes to look into the lush greenery of a Papuan rainforest, Cenderawasih Bay, Central Papua, Indonesia (No Model Release)",ranger-in-the-central-papua-rain-forest,,"Cendrawasih Bay, Indonesia",Culture,,,,,16,,,,,DSMC2 GEMINI 5K S35,,,REDcode 8:1,75,,,,,,,,,,1.09,Editorial,standard
A005_A063_0412QD_V1-0004.mp4,,00:00:21:04,,,5120 x 2700,r3d,"A ranger stops walking and looks into the forest canopy with his binoculars, Cenderawasih Bay, Central Papua, Indonesia (No Model Release)",from-behind-view-of-forest-ranger-using-binoculars,,"Cendrawasih Bay, Indonesia",Culture,,,,,16,,,,,DSMC2 GEMINI 5K S35,,,REDcode 8:1,75,,,,,,,,,,1.09,Editorial,standard
A005_A064_0412GD_V1-0005.mp4,,00:00:32:20,,,5120 x 2700,r3d,"Wide view of a ranger gazing into the jungle with binoculars, Cenderawasih Bay, Central Papua, Indonesia (No Model Release)",forest-ranger-using-binoculars-in-papuan-rain-forest,,"Cendrawasih Bay, Indonesia",Culture,,,,,16,,,,,DSMC2 GEMINI 5K S35,,,REDcode 8:1,75,,,,,,,,,,1.09,Editorial,standard
A005_A058_0412VY_V1-0001.mp4,,00:00:16:05,,,5120 x 2700,r3d,"A close-up of a Papuan man looking up into the forest of Central Papua, Cenderawasih Bay, Indonesia (No Model Release)",papuan-man-looking-up,,"Cendrawasih Bay, Indonesia",Culture,,,,,16,,,,,DSMC2 GEMINI 5K S35,,,REDcode 11:1,96,,,,,,,,,,1.09,Editorial,standard
A005_A058_0412VY_V1-0002.mp4,,00:00:04:11,,,5120 x 2700,r3d,"A close-up of a Papuan man pointing into the trees in the forest of Central Papua, Cenderawasih Bay, Indonesia (No Model Release)",papuan-man-pointing-into-trees,,"Cendrawasih Bay, Indonesia",Culture,,,,,16,,,,,DSMC2 GEMINI 5K S35,,,REDcode 11:1,96,,,,,,,,,,1.09,Editorial,standard
A005_A058_0412VY_V1-0003.mp4,,00:00:17:03,,,5120 x 2700,r3d,"A close-up of a Papuan man with betel nut stained teeth smiling at the camera, Cenderawasih Bay, Indonesia (No Model Release)",papuan-man-smiling,,"Cendrawasih Bay, Indonesia",Culture,,,,,16,,,,,DSMC2 GEMINI 5K S35,,,REDcode 11:1,96,,,,,,,,,,1.09,Editorial,standard
A005_A074_0412IV_V1-0004.mp4,,00:00:18:18,,,5120 x 2700,r3d,"Looking over the shoulder of a man taking a photo in the forest of Central Papua, Cenderawasih Bay, Indonesia (No Model Release)",photographer-taking-photos-in-the-jungle,,"Cendrawasih Bay, Indonesia",Culture,,,,,16,,,,,DSMC2 GEMINI 5K S35,,,REDcode 8:1,75,,,,,,,,,,1.09,Editorial,standard
A005_A097_0414OK_V1-0005.mp4,,00:00:16:16,,,5120 x 2700,r3d,"A Papuan guide drinks water from a tree in the forest of Central Papua, Cenderawasih Bay, Indonesia (No Model Release)",papuan-guide-drinking-from-a-tree,,"Cendrawasih Bay, Indonesia",Culture,,,,,16,,,,,DSMC2 GEMINI 5K S35,,,REDcode 7:1,50,,,,,,,,,,1.09,Editorial,standard
A005_A097_0414OK_V1-0006.mp4,,00:00:08:19,,,5120 x 2700,r3d,"A Papuan guide drinks water from a tree in the forest of Central Papua, Cenderawasih Bay, Indonesia (No Model Release)",papuan-guide-drinking-from-a-tree,,"Cendrawasih Bay, Indonesia",Culture,,,,,16,,,,,DSMC2 GEMINI 5K S35,,,REDcode 7:1,50,,,,,,,,,,1.09,Editorial,standard
A005_A097_0414OK_V1-0007.mp4,,00:00:21:19,,,5120 x 2700,r3d,"A local Papuan guide chopping brush with a machete in the forest of Central Papua, Cenderawasih Bay, Indonesia (No Model Release)",local-guide-chops-brush-with-machete,,"Cendrawasih Bay, Indonesia",Culture,,,,,16,,,,,DSMC2 GEMINI 5K S35,,,REDcode 7:1,50,,,,,,,,,,1.09,Editorial,standard
A005_A097_0414OK_V1-0008.mp4,,00:00:21:19,,,5120 x 2700,r3d,"A Papuan guide drinks water from a tree in the forest of Central Papua, Cenderawasih Bay, Indonesia (No Model Release)",papuan-guide-drinking-from-a-tree,,"Cendrawasih Bay, Indonesia",Culture,,,,,16,,,,,DSMC2 GEMINI 5K S35,,,REDcode 7:1,50,,,,,,,,,,1.09,Editorial,standard
A005_A098_0414VS_V1-0009.mp4,,00:00:21:17,,,5120 x 2700,r3d,"A Papuan guide drinks water from a tree in the forest of Central Papua, Cenderawasih Bay, Indonesia (No Model Release)",papuan-guide-drinking-from-a-tree,,"Cendrawasih Bay, Indonesia",Culture,,,,,16,,,,,DSMC2 GEMINI 5K S35,,,REDcode 7:1,50,,,,,,,,,,1.09,Editorial,standard
A005_A099_0414NQ_V1-0010.mp4,,00:00:55:15,,,5120 x 2700,r3d,"A Papuan guide drinks water from a tree in the forest of Central Papua, Cenderawasih Bay, Indonesia (No Model Release)",papuan-guide-drinking-from-a-tree,,"Cendrawasih Bay, Indonesia",Culture,,,,,16,,,,,DSMC2 GEMINI 5K S35,,,REDcode 7:1,50,,,,,,,,,,1.09,Editorial,standard
A005_A099_0414NQ_V1-0011.mp4,,00:00:55:15,,,5120 x 2700,r3d,"A Papuan guide chops a branch that holds potable water, in the forest of Central Papua, Cenderawasih Bay, Indonesia (No Model Release)",papuan-guide-chopping-a-branch,,"Cendrawasih Bay, Indonesia",Culture,,,,,16,,,,,DSMC2 GEMINI 5K S35,,,REDcode 7:1,50,,,,,,,,,,1.09,Editorial,standard
A005_A052_0412XE_V1-0001.mp4,,00:02:23:22,,,2048 x 1080,r3d,"Male Lesser Bird of Paradise (Paradisaea minor) in a tree trying to attract a mate, Cenderawasih Bay, Central Papua, Indonesia",lesser-bird-of-paradise-in-tree,,"Cendrawasih Bay, Indonesia",Wildlife,,,,,16,,,,,DSMC2 GEMINI 5K S35,,,REDcode 8:1,175,,,,,,,,,,1.09,Commercial,Standard
A005_A052_0412XE_V1-0002.mp4,,00:02:23:22,,,2048 x 1080,r3d,"Male Lesser Bird of Paradise (Paradisaea minor) in a tree, Cenderawasih Bay, Central Papua, Indonesia",male-lesser-bird-of-paradise-in-tree,,"Cendrawasih Bay, Indonesia",Wildlife,,,,,16,,,,,DSMC2 GEMINI 5K S35,,,REDcode 8:1,175,,,,,,,,,,1.09,Commercial,Standard
A005_A052_0412XE_V1-0003.mp4,,00:02:23:22,,,2048 x 1080,r3d,"Male Lesser Bird of Paradise (Paradisaea minor) in a tree trying to attract a mate, Cenderawasih Bay, Central Papua, Indonesia",male-lesser-bird-of-paradise-in-tree,,"Cendrawasih Bay, Indonesia",Wildlife,,,,,16,,,,,DSMC2 GEMINI 5K S35,,,REDcode 8:1,175,,,,,,,,,,1.09,Commercial,Standard
A005_A052_0412XE_V1-0007.mp4,,00:01:04:01,,,2048 x 1080,r3d,"Male Lesser Bird of Paradise (Paradisaea minor) calling out to attract a mate, Cenderawasih Bay, Central Papua, Indonesia (No Audio)",male-lesser-bird-of-paradise-calling-out,,"Cendrawasih Bay, Indonesia",Wildlife,,,,,16,,,,,DSMC2 GEMINI 5K S35,,,REDcode 8:1,175,,,,,,,,,,1.09,Commercial,Standard
A005_A052_0412XE_V1-0008.mp4,,00:01:04:01,,,2048 x 1080,r3d,"Male Lesser Bird of Paradise (Paradisaea minor) in a tree, Cenderawasih Bay, Central Papua, Indonesia",male-lesser-bird-of-paradise,,"Cendrawasih Bay, Indonesia",Wildlife,,,,,16,,,,,DSMC2 GEMINI 5K S35,,,REDcode 8:1,175,,,,,,,,,,1.09,Commercial,Standard
A005_A052_0412XE_V1-0009.mp4,,00:00:10:24,,,2048 x 1080,r3d,"Male Lesser Bird of Paradise (Paradisaea minor) jumps from one branch to another, Cenderawasih Bay, Central Papua, Indonesia",male-lesser-bird-of-paradise-jumping,,"Cendrawasih Bay, Indonesia",Wildlife,,,,,16,,,,,DSMC2 GEMINI 5K S35,,,REDcode 8:1,175,,,,,,,,,,1.09,Commercial,Standard
A005_A052_0412XE_V1-0010.mp4,,00:00:48:01,,,2048 x 1080,r3d,"Male Lesser Bird of Paradise (Paradisaea minor) jumping around in a tree, Cenderawasih Bay, Central Papua, Indonesia",jumping-male-bird-of-paradise,,"Cendrawasih Bay, Indonesia",Wildlife,,,,,16,,,,,DSMC2 GEMINI 5K S35,,,REDcode 8:1,175,,,,,,,,,,1.09,Commercial,Standard
A005_A052_0412XE_V1-0011.mp4,,00:00:48:01,,,2048 x 1080,r3d,"Male Lesser Bird of Paradise (Paradisaea minor) in a tree, Cenderawasih Bay, Central Papua, Indonesia",male-lesser-bird-of-paradise-in-tree,,"Cendrawasih Bay, Indonesia",Wildlife,,,,,16,,,,,DSMC2 GEMINI 5K S35,,,REDcode 8:1,175,,,,,,,,,,1.09,Commercial,Standard
A005_A052_0412XE_V1-0012.mp4,,00:00:21:23,,,2048 x 1080,r3d,"Male Lesser Bird of Paradise (Paradisaea minor) in a tree shaking its feathers, Cenderawasih Bay, Central Papua, Indonesia",male-lesser-bird-of-paradise-shaking,,"Cendrawasih Bay, Indonesia",Wildlife,,,,,16,,,,,DSMC2 GEMINI 5K S35,,,REDcode 8:1,175,,,,,,,,,,1.09,Commercial,Standard
A005_A054_0412CE_V1-0004.mp4,,00:00:27:23,,,2048 x 1080,r3d,"Male Lesser Bird of Paradise (Paradisaea minor) scratching its back with its beak, Cenderawasih Bay, Central Papua, Indonesia",male-lesser-bird-of-paradise,,"Cendrawasih Bay, Indonesia",Wildlife,,,,,16,,,,,DSMC2 GEMINI 5K S35,,,REDcode 8:1,175,,,,,,,,,,1.09,Commercial,Standard
A005_A054_0412CE_V1-0013.mp4,,00:00:28:22,,,2048 x 1080,r3d,"Male Lesser Bird of Paradise (Paradisaea minor) flies out of a tree, Cenderawasih Bay, Central Papua, Indonesia",male-lesser-bird-of-paradise-flies-away,,"Cendrawasih Bay, Indonesia",Wildlife,,,,,16,,,,,DSMC2 GEMINI 5K S35,,,REDcode 8:1,175,,,,,,,,,,1.09,Commercial,Standard
A005_A055_0412RE_V1-0005.mp4,,00:00:25:16,,,2048 x 1080,r3d,"Male Lesser Bird of Paradise (Paradisaea minor) bouncing along a tree branch, Cenderawasih Bay, Central Papua, Indonesia",male-lesser-bird-of-paradise-jumping-on-branch,,"Cendrawasih Bay, Indonesia",Wildlife,,,,,16,,,,,DSMC2 GEMINI 5K S35,,,REDcode 8:1,175,,,,,,,,,,1.09,Commercial,Standard
A005_A055_0412RE_V1-0014.mp4,,00:00:17:00,,,2048 x 1080,r3d,"Camera pans to a male Lesser Bird of Paradise (Paradisaea minor) bouncing along a branch, Cenderawasih Bay, Central Papua, Indonesia",camera-pans-to-lesser-bird-of-paradise,,"Cendrawasih Bay, Indonesia",Wildlife,,,,,16,,,,,DSMC2 GEMINI 5K S35,,,REDcode 8:1,175,,,,,,,,,,1.09,Commercial,Standard
A005_A055_0412RE_V1-0015.mp4,,00:00:47:07,,,2048 x 1080,r3d,"A male Lesser Bird of Paradise (Paradisaea minor) jumps out of a tree, Cenderawasih Bay, Central Papua, Indonesia",lesser-bird-of-paradise-drops-out-of-tree,,"Cendrawasih Bay, Indonesia",Wildlife,,,,,16,,,,,DSMC2 GEMINI 5K S35,,,REDcode 8:1,175,,,,,,,,,,1.09,Commercial,Standard
A005_A056_041278_V1-0006.mp4,,00:00:12:15,,,2048 x 1080,r3d,"Male Lesser Bird of Paradise (Paradisaea minor) jumps out of a tree, Cenderawasih Bay, Central Papua, Indonesia",male-lesser-bird-of-paradise,,"Cendrawasih Bay, Indonesia",Wildlife,,,,,16,,,,,DSMC2 GEMINI 5K S35,,,REDcode 8:1,175,,,,,,,,,,1.09,Commercial,Standard
A005_A022_04120P_V1-0001.mp4,,00:00:45:23,,,4608 x 2412,r3d,"A boy dressed in traditional clothes and face paint in preparation to perform a traditional dance, Kwatisore village, Cenderawasih Bay, Central Papua, Indonesia (No Model Release)",close-up-of-young-papuan-in-face-paint,,"Cendrawasih Bay, Indonesia",Culture,,,,,16,,,,,DSMC2 GEMINI 5K S35,,,REDcode 8:1,50,,,,,,,,,,191.045,Editorial,premium
A005_A023_041296_V1-0002.mp4,,00:00:17:01,,,4608 x 2412,r3d,"A boy dressed in traditional Papuan feathered head dress and face paint in preparation to perform a traditional dance, Kwatisore village, Cenderawasih Bay, Central Papua, Indonesia (No Model Release)",wide-of-young-papuan-in-face-paint-and-feathered-head-gear,,"Cendrawasih Bay, Indonesia",Culture,,,,,16,,,,,DSMC2 GEMINI 5K S35,,,REDcode 8:1,50,,,,,,,,,,191.045,Editorial,premium
A005_A025_0412S5_V1-0003.mp4,,00:00:41:10,,,4608 x 2412,r3d,"A boy dressed in traditional head dress and face paint lifts his eyebrow while looking at the camera, Kwatisore village, Cenderawasih Bay, Central Papua, Indonesia (No Model Release)",papuan-in-face-paint-looking-at-camera-lifts-eyebrows,,"Cendrawasih Bay, Indonesia",Culture,,,,,16,,,,,DSMC2 GEMINI 5K S35,,,REDcode 8:1,50,,,,,,,,,,191.045,Editorial,premium
A005_A025_0412S5_V1-0004.mp4,,00:00:41:10,,,4608 x 2412,r3d,"Young Papuan man in face paint smirks at camera, Kwatisore village, Cenderawasih Bay, Central Papua, Indonesia (No Model Release)",young-papuan-man-in-face-paint-smirking-at-camera,,"Cendrawasih Bay, Indonesia",Culture,,,,,16,,,,,DSMC2 GEMINI 5K S35,,,REDcode 8:1,50,,,,,,,,,,191.045,Editorial,premium
A005_A025_0412S5_V1-0005.mp4,,00:00:41:10,,,4608 x 2412,r3d,"Young Papuan man in face paint turns and smiles at camera, Kwatisore village, Cenderawasih Bay, Central Papua, Indonesia (No Model Release)",young-papuan-man-in-face-paint-turns-and-smiles-at-camera,,"Cendrawasih Bay, Indonesia",Culture,,,,,16,,,,,DSMC2 GEMINI 5K S35,,,REDcode 8:1,50,,,,,,,,,,191.045,Editorial,premium
A005_A026_04125Z_V1-0006.mp4,,00:00:16:17,,,4608 x 2412,r3d,"A bearded Papuan man with a traditional head gear stares at the camera, Kwatisore village, Cenderawasih Bay, Central Papua, Indonesia (No Model Release)",bearded-papuan-man-in-traditional-head-gear,,"Cendrawasih Bay, Indonesia",Culture,,,,,16,,,,,DSMC2 GEMINI 5K S35,,,REDcode 8:1,50,,,,,,,,,,191.045,Editorial,premium
A005_A027_0412TI_V1-0007.mp4,,00:00:15:15,,,4608 x 2412,r3d,"Two Papuan girls in traditional dress and face paint look at the camera, Kwatisore village, Cenderawasih Bay, Central Papua, Indonesia (No Model Release)",two-papuan-girls-smile-at-camera,,"Cendrawasih Bay, Indonesia",Culture,,,,,16,,,,,DSMC2 GEMINI 5K S35,,,REDcode 8:1,50,,,,,,,,,,191.045,Editorial,premium
A005_A031_04125N_V1-0008.mp4,,00:00:13:12,,,5120 x 2700,r3d,"A band performs a song while the local youth perform a traditional Papuan song, Kwatisore village, Cenderawasih Bay, Central Papua, Indonesia (No Model Release)",band-and-youth-performing-papuan-dance,,"Cendrawasih Bay, Indonesia",Culture,,,,,16,,,,,DSMC2 GEMINI 5K S35,,,REDcode 8:1,50,,,,,,,,,,1.09,Editorial,premium
A005_A031_04125N_V1-0021.mp4,,00:00:24:24,,,5120 x 2700,r3d,"Young Papuan men dressed in traditional clothes and face paint perform a traditional dance, Kwatisore village, Cenderawasih Bay, Central Papua, Indonesia (No Model Release)",young-papuan-men-in-face-paint-performing,,"Cendrawasih Bay, Indonesia",Culture,,,,,16,,,,,DSMC2 GEMINI 5K S35,,,REDcode 8:1,50,,,,,,,,,,1.09,Editorial,premium
A005_A031_04125N_V1-0022.mp4,,00:00:24:24,,,5120 x 2700,r3d,"Young Papuan women dressed in traditional clothes and face paint perform a traditional dance, Kwatisore village, Cenderawasih Bay, Central Papua, Indonesia (No Model Release)",young-papuan-women-in-face-paint-performing,,"Cendrawasih Bay, Indonesia",Culture,,,,,16,,,,,DSMC2 GEMINI 5K S35,,,REDcode 8:1,50,,,,,,,,,,1.09,Editorial,premium
A005_A034_0412AX_V1-0009.mp4,,00:00:09:22,,,5120 x 2700,r3d,"Young Papuan men chanting and singing while dressed traditionally and with face paint while performing a traditional dance, Kwatisore village, Cenderawasih Bay, Central Papua, Indonesia (No Model Release)",young-papuan-men-chanting,,"Cendrawasih Bay, Indonesia",Culture,,,,,16,,,,,DSMC2 GEMINI 5K S35,,,REDcode 8:1,50,,,,,,,,,,1.09,Editorial,premium
A005_A034_0412AX_V1-0023.mp4,,00:00:18:01,,,5120 x 2700,r3d,"Papuan men with face paint performing a traditional dance, Kwatisore village, Cenderawasih Bay, Central Papua, Indonesia (No Model Release)",young-papuan-men-dancing,,"Cendrawasih Bay, Indonesia",Culture,,,,,16,,,,,DSMC2 GEMINI 5K S35,,,REDcode 8:1,50,,,,,,,,,,1.09,Editorial,premium
A005_A038_0412XY_V1-0010.mp4,,00:00:13:19,,,4608 x 2412,r3d,"Papuan men playing guitars and singing a local song, no audio, Kwatisore village, Cenderawasih Bay, Central Papua, Indonesia (No Model Release)",papuan-band-performing-song,,"Cendrawasih Bay, Indonesia",Culture,,,,,16,,,,,DSMC2 GEMINI 5K S35,,,REDcode 8:1,50,,,,,,,,,,191.045,Editorial,premium
A005_A039_0412IV_V1-0011.mp4,,00:00:57:13,,,4608 x 2412,r3d,"Young Papuans dressed in traditional clothes and face paint perform a traditional dance, viewed from the back, Kwatisore village, Cenderawasih Bay, Central Papua, Indonesia (No Model Release)",young-papuans-performing-a-traditional-dance,,"Cendrawasih Bay, Indonesia",Culture,,,,,16,,,,,DSMC2 GEMINI 5K S35,,,REDcode 8:1,50,,,,,,,,,,191.045,Editorial,premium
A005_A039_0412IV_V1-0012.mp4,,00:00:57:13,,,4608 x 2412,r3d,"Young Papuans dressed in traditional clothes and face paint perform a traditional dance near the shore of the bay, Kwatisore village, Cenderawasih Bay, Central Papua, Indonesia (No Model Release)",young-papuans-performing-a-traditional-dance-beside-the-sea,,"Cendrawasih Bay, Indonesia",Culture,,,,,16,,,,,DSMC2 GEMINI 5K S35,,,REDcode 8:1,50,,,,,,,,,,191.045,Editorial,premium
A005_A039_0412IV_V1-0024.mp4,,00:00:55:08,,,4608 x 2412,r3d,"Young Papuans dressed in traditional clothes and face paint perform a traditional dance viewed from the front, Kwatisore village, Cenderawasih Bay, Central Papua, Indonesia (No Model Release)",front-view-of-young-papuans-performing-a-traditional-dance,,"Cendrawasih Bay, Indonesia",Culture,,,,,16,,,,,DSMC2 GEMINI 5K S35,,,REDcode 8:1,50,,,,,,,,,,191.045,Editorial,premium
A005_A039_0412IV_V1-0025.mp4,,00:00:55:08,,,4608 x 2412,r3d,"Male and Female young Papuans perform a traditional dance, Kwatisore village, Cenderawasih Bay, Central Papua, Indonesia (No Model Release)",papuans-young-adults-performing-a-traditional-dance,,"Cendrawasih Bay, Indonesia",Culture,,,,,16,,,,,DSMC2 GEMINI 5K S35,,,REDcode 8:1,50,,,,,,,,,,191.045,Editorial,premium
A005_A039_0412IV_V1-0026.mp4,,00:00:17:19,,,4608 x 2412,r3d,"Close-up shot of feet in traditional dress dancing, Kwatisore village, Cenderawasih Bay, Central Papua, Indonesia (No Model Release)",slow-motion-shot-of-feet-dancing,,"Cendrawasih Bay, Indonesia",Culture,,,,,16,,,,,DSMC2 GEMINI 5K S35,,,REDcode 8:1,50,,,,,,,,,,191.045,Editorial,premium
A005_A039_0412IV_V1-0027.mp4,,00:00:19:23,,,4608 x 2412,r3d,"Male and female traditional dancers, Kwatisore village, Cenderawasih Bay, Central Papua, Indonesia (No Model Release)",mixed-male-and-female-traditional-dancers,,"Cendrawasih Bay, Indonesia",Culture,,,,,16,,,,,DSMC2 GEMINI 5K S35,,,REDcode 8:1,50,,,,,,,,,,191.045,Editorial,premium
A005_A039_0412IV_V1-0028.mp4,,00:00:21:00,,,4608 x 2412,r3d,"A group of men in traditional Papuan dress sing and play music, Kwatisore village, Cenderawasih Bay, Central Papua, Indonesia (No Model Release)",men-in-traditional-papuan-dress-singing-and-playing-guitar,,"Cendrawasih Bay, Indonesia",Culture,,,,,16,,,,,DSMC2 GEMINI 5K S35,,,REDcode 8:1,50,,,,,,,,,,191.045,Editorial,premium
A005_A040_041244_V1-0013.mp4,,00:00:22:18,,,4608 x 2412,r3d,"Young Papuans in traditional regalia performing a traditional dance, Kwatisore village, Cenderawasih Bay, Central Papua, Indonesia (No Model Release)",young-papuans-performing-a-dance,,"Cendrawasih Bay, Indonesia",Culture,,,,,16,,,,,DSMC2 GEMINI 5K S35,,,REDcode 8:1,50,,,,,,,,,,191.045,Editorial,premium
A005_A040_041244_V1-0014.mp4,,00:00:22:18,,,4608 x 2412,r3d,"Young Papuans in traditional regalia singing and dancing, Kwatisore village, Cenderawasih Bay, Central Papua, Indonesia (No Model Release)",young-papuan-men-and-women-performing-a-dance,,"Cendrawasih Bay, Indonesia",Culture,,,,,16,,,,,DSMC2 GEMINI 5K S35,,,REDcode 8:1,50,,,,,,,,,,191.045,Editorial,premium
A005_A040_041244_V1-0029.mp4,,00:00:40:24,,,4608 x 2412,r3d,"A wide shot of dancing feet with traditional ankle bracelets, Kwatisore village, Cenderawasih Bay, Central Papua, Indonesia (No Model Release)",feet-performing-a-traditional-dance,,"Cendrawasih Bay, Indonesia",Culture,,,,,16,,,,,DSMC2 GEMINI 5K S35,,,REDcode 8:1,50,,,,,,,,,,191.045,Editorial,premium
A005_A040_041244_V1-0030.mp4,,00:00:17:05,,,4608 x 2412,r3d,"Male and female Papuan teenagers perform a traditional dance, Kwatisore village, Cenderawasih Bay, Central Papua, Indonesia (No Model Release)",papuan-teenagers-performing-traditional-dance,,"Cendrawasih Bay, Indonesia",Culture,,,,,16,,,,,DSMC2 GEMINI 5K S35,,,REDcode 8:1,50,,,,,,,,,,191.045,Editorial,premium
A005_A041_041276_V1-0015.mp4,,00:00:10:13,,,4608 x 2412,r3d,"A group of young Papuan men in warrior paint perform a traditional dance, Kwatisore village, Cenderawasih Bay, Central Papua, Indonesia (No Model Release)",papuan-men-in-warrior-paint-performing-dance,,"Cendrawasih Bay, Indonesia",Culture,,,,,16,,,,,DSMC2 GEMINI 5K S35,,,REDcode 8:1,75,,,,,,,,,,191.045,Editorial,premium
A005_A041_041276_V1-0031.mp4,,00:00:42:16,,,4608 x 2412,r3d,"A group of young Papuan women perform a traditional dance, Kwatisore village, Cenderawasih Bay, Central Papua, Indonesia (No Model Release)",papuan-women-performing-traditional-dance,,"Cendrawasih Bay, Indonesia",Culture,,,,,16,,,,,DSMC2 GEMINI 5K S35,,,REDcode 8:1,75,,,,,,,,,,191.045,Editorial,premium
A005_A041_041276_V1-0032.mp4,,00:00:22:03,,,4608 x 2412,r3d,"A tight shot of a group of young Papuan men performing a traditional dance, Kwatisore village, Cenderawasih Bay, Central Papua, Indonesia (No Model Release)",close-up-shot-of-papuan-men-performing,,"Cendrawasih Bay, Indonesia",Culture,,,,,16,,,,,DSMC2 GEMINI 5K S35,,,REDcode 8:1,75,,,,,,,,,,191.045,Editorial,premium
A005_A041_041276_V1-0033.mp4,,00:00:34:22,,,4608 x 2412,r3d,"A tight shot of a group of young Papuan men doing a traditional dance, Kwatisore village, Cenderawasih Bay, Central Papua, Indonesia (No Model Release)",close-up-shot-of-papuan-men-traditional-dance,,"Cendrawasih Bay, Indonesia",Culture,,,,,16,,,,,DSMC2 GEMINI 5K S35,,,REDcode 8:1,75,,,,,,,,,,191.045,Editorial,premium
A005_A042_0412MF_V1-0016.mp4,,00:00:14:01,,,4608 x 2412,r3d,"Side view of a boy dressed in traditional clothes and face paint in preparation performs a traditional dance, Kwatisore village, Cenderawasih Bay, Central Papua, Indonesia (No Model Release)",side-view-of-young-papuan-male-dancing,,"Cendrawasih Bay, Indonesia",Culture,,,,,16,,,,,DSMC2 GEMINI 5K S35,,,REDcode 8:1,75,,,,,,,,,,191.045,Editorial,premium
A005_A042_0412MF_V1-0034.mp4,,00:00:27:15,,,4608 x 2412,r3d,"A tight shot of a group of young Papuan boys and girls doing a traditional dance, Kwatisore village, Cenderawasih Bay, Central Papua, Indonesia (No Model Release)",young-papuan-boys-and-girls-doing-traditional-dance,,"Cendrawasih Bay, Indonesia",Culture,,,,,16,,,,,DSMC2 GEMINI 5K S35,,,REDcode 8:1,75,,,,,,,,,,191.045,Editorial,premium
A005_A042_0412MF_V1-0035.mp4,,00:00:29:02,,,4608 x 2412,r3d,"A wide shot of a group of young Papuan boys and girls doing a traditional dance, Kwatisore village, Cenderawasih Bay, Central Papua, Indonesia (No Model Release)",wide-view-of-young-papuan-boys-and-girls-doing-traditional-dance,,"Cendrawasih Bay, Indonesia",Culture,,,,,16,,,,,DSMC2 GEMINI 5K S35,,,REDcode 8:1,75,,,,,,,,,,191.045,Editorial,premium
A005_A043_0412MA_V1-0017.mp4,,00:00:22:01,,,4608 x 2412,r3d,"Papuan man in war paint chants during the performance of a traditional dance, Kwatisore village, Cenderawasih Bay, Central Papua, Indonesia (No Model Release)",papuan-man-in-warrior-paint-chanting,,"Cendrawasih Bay, Indonesia",Culture,,,,,16,,,,,DSMC2 GEMINI 5K S35,,,REDcode 8:1,75,,,,,,,,,,191.045,Editorial,premium
A005_A044_041206_V1-0018.mp4,,00:00:23:05,,,4608 x 2412,r3d,"Papuan man in face paint chanting and performing a traditional dance, Kwatisore village, Cenderawasih Bay, Central Papua, Indonesia (No Model Release)",close-up-of-young-papuan-man-in-face-paint,,"Cendrawasih Bay, Indonesia",Culture,,,,,16,,,,,DSMC2 GEMINI 5K S35,,,REDcode 8:1,75,,,,,,,,,,191.045,Editorial,premium
A005_A044_041206_V1-0036.mp4,,00:00:08:24,,,4608 x 2412,r3d,"A Papuan male performer with war paint on his face, Kwatisore village, Cenderawasih Bay, Central Papua, Indonesia (No Model Release)",papuan-male-performer-in-war-paint,,"Cendrawasih Bay, Indonesia",Culture,,,,,16,,,,,DSMC2 GEMINI 5K S35,,,REDcode 8:1,75,,,,,,,,,,191.045,Editorial,premium
A005_A045_0412AI_V1-0019.mp4,,00:00:06:05,,,4608 x 2412,r3d,"A crowd of local villagers watching a traditional dance, Kwatisore village, Cenderawasih Bay, Central Papua, Indonesia (No Model Release)",a-crowd-of-local-villagers-watching-a-traditional-dance,,"Cendrawasih Bay, Indonesia",Culture,,,,,16,,,,,DSMC2 GEMINI 5K S35,,,REDcode 8:1,75,,,,,,,,,,191.045,Editorial,premium
A005_A046_0412M7_V1-0020.mp4,,00:00:14:01,,,4608 x 2412,r3d,"A group of Papuan men performing the music for a traditional dance, Kwatisore village, Cenderawasih Bay, Central Papua, Indonesia (No Model Release)",papuan-men-performing-music,,"Cendrawasih Bay, Indonesia",Culture,,,,,16,,,,,DSMC2 GEMINI 5K S35,,,REDcode 8:1,75,,,,,,,,,,191.045,Editorial,premium
A003_A027_04081T_V1-0001.mp4,,00:00:16:20,,,4608 x 2412,r3d,"Handmade cloth handbag souvenirs on sale, Nabire, Central Papua, Cenderawasih Bay, Indonesia (No Property Release)",handicraft-bags-on-sale,,"Nabire, Cendrawasih Bay",Culture,,,,,16,,,,,DSMC2 GEMINI 5K S35,,,REDcode 8:1,48,,,,,,,,,,1.91045,Editorial,standard
A003_A029_04089M_V1-0002.mp4,,00:00:07:24,,,4608 x 2412,r3d,"Handmade cloth handbags and other souvenirs on sale, Nabire, Central Papua, Cenderawasih Bay, Indonesia (No Property Release)",market-street-selling-handbags-in-nabire,,"Nabire, Cendrawasih Bay",Culture,,,,,16,,,,,DSMC2 GEMINI 5K S35,,,REDcode 8:1,48,,,,,,,,,,1.91045,Editorial,standard
A003_A030_0408TT_V1-0003.mp4,,00:00:07:11,,,4608 x 2412,r3d,"Panning from left to right showing handmade cloth handbags and other souvenirs on sale, Nabire, Central Papua, Cenderawasih Bay, Indonesia (No Property Release)",panning-market-street-selling-handbags-in-nabire,,"Nabire, Cendrawasih Bay",Culture,,,,,16,,,,,DSMC2 GEMINI 5K S35,,,REDcode 8:1,48,,,,,,,,,,1.91045,Editorial,standard
A003_A031_040842_V1-0004.mp4,,00:00:10:00,,,4608 x 2412,r3d,"Handmade cloth handbag souvenirs on sale, Nabire, Central Papua, Cenderawasih Bay, Indonesia (No Property Release)",panning-handbags-for-sale,,"Nabire, Cendrawasih Bay",Culture,,,,,16,,,,,DSMC2 GEMINI 5K S35,,,REDcode 8:1,48,,,,,,,,,,1.91045,Editorial,standard
A005_A005_0412LS_V1-0005.mp4,,00:00:04:20,,,4608 x 2412,r3d,"Handmade woven baskets for food stacked and for sale, Nabire, Central Papua, Cenderawasih Bay, Indonesia (No Property Release)",woven-baskets-for-sale,,"Nabire, Cendrawasih Bay",Culture,,,,,16,,,,,DSMC2 GEMINI 5K S35,,,REDcode 8:1,50,,,,,,,,,,1.91045,Editorial,standard
A005_A012_0412DX_V1-0006.mp4,,00:00:18:08,,,4608 x 2412,r3d,"Papuan woman displaying wooden handicrafts for sale, Nabire, Central Papua, Cenderawasih Bay, Indonesia (No Model or Property Release)",proud-papuan-woman-displaying-her-crafts,,"Nabire, Cendrawasih Bay",Culture,,,,,16,,,,,DSMC2 GEMINI 5K S35,,,REDcode 8:1,50,,,,,,,,,,1.91045,Editorial,standard
A005_A014_04124R_V1-0007.mp4,,00:00:25:08,,,4608 x 2412,r3d,"Papuan woman displays stacks of handmade woven baskets for sale, Nabire, Central Papua, Cenderawasih Bay, Indonesia (No Model or Property Release)",papuan-woman-displaying-baskets-for-sale,,"Nabire, Cendrawasih Bay",Culture,,,,,16,,,,,DSMC2 GEMINI 5K S35,,,REDcode 8:1,50,,,,,,,,,,1.91045,Editorial,standard
A005_A018_0412K7_V1-0008.mp4,,00:00:14:04,,,4608 x 2412,r3d,"Painted wooden whale shark souvenir for sale, Nabire, Central Papua, Cenderawasih Bay, Indonesia (No Property Release)",wooden-whaleshark-souvenir-for-sale,,"Nabire, Cendrawasih Bay",Culture,,,,,16,,,,,DSMC2 GEMINI 5K S35,,,REDcode 8:1,50,,,,,,,,,,1.91045,Editorial,standard
A005_A019_0412ZB_V1-0009.mp4,,00:00:07:20,,,4608 x 2412,r3d,"Locally produced handicrafts for sale, Nabire, Central Papua, Cenderawasih Bay, Indonesia (No Property Release)",handicrafts-for-sale,,"Nabire, Cendrawasih Bay",Culture,,,,,16,,,,,DSMC2 GEMINI 5K S35,,,REDcode 8:1,50,,,,,,,,,,1.91045,Editorial,standard
A005_A021_0412GI_V1-0010.mp4,,00:00:10:24,,,4608 x 2412,r3d,"Locally produced wooden paddles for sale, Nabire, Central Papua, Cenderawasih Bay, Indonesia (No Property Release)",carved-wooden-paddles-for-sale,,"Nabire, Cendrawasih Bay",Culture,,,,,16,,,,,DSMC2 GEMINI 5K S35,,,REDcode 8:1,50,,,,,,,,,,1.91045,Editorial,standard
A003_A022_0408QF_V1-0001.mp4,,00:00:07:14,,,4608 x 2412,r3d,"Papuan lady knitting a handmade bag to sell in the market, Nabire, Central Papua, Indonesia (No Model Release)",knitting-a-papuan-hand-bag,,"Nabire, Cendrawasih Bay",Culture,,,,,16,,,,,DSMC2 GEMINI 5K S35,,,REDcode 8:1,48,,,,,,,,,,191.045,Editorial,standard
A003_A026_0408IG_V1-0002.mp4,,00:00:23:19,,,4608 x 2412,r3d,"Papuan lady knitting a handmade bag to sell in the market, Nabire, Central Papua, Indonesia (No Model Release)",woman-knitting-a-papuan-hand-bag,,"Nabire, Cendrawasih Bay",Culture,,,,,16,,,,,DSMC2 GEMINI 5K S35,,,REDcode 8:1,48,,,,,,,,,,191.045,Editorial,standard
A003_A026_0408IG_V1-0003.mp4,,00:00:23:19,,,4608 x 2412,r3d,"Papuan lady knitting a yellow and black handmade bag to sell in the market, Nabire, Central Papua, Indonesia (No Model Release)",close-view-of-knitting-a-papuan-hand-bag,,"Nabire, Cendrawasih Bay",Culture,,,,,16,,,,,DSMC2 GEMINI 5K S35,,,REDcode 8:1,48,,,,,,,,,,191.045,Editorial,standard
A003_A033_0408FD_V1-0004.mp4,,00:00:17:10,,,4608 x 2412,r3d,"Portfolio view of a Papuan lady knitting a handmade bag to sell in the market, Nabire, Central Papua, Indonesia (No Model Release)",close-up-of-a-woman-knitting,,"Nabire, Cendrawasih Bay",Culture,,,,,16,,,,,DSMC2 GEMINI 5K S35,,,REDcode 8:1,48,,,,,,,,,,191.045,Editorial,standard
A003_A037_0408JT_V1-0005.mp4,,00:00:05:20,,,4608 x 2412,r3d,"Papuan lady proudly showing the bags she has for sale in the market, Nabire, Central Papua, Indonesia (No Model Release)",papuan-lady-selling-her-handbags,,"Nabire, Cendrawasih Bay",Culture,,,,,16,,,,,DSMC2 GEMINI 5K S35,,,REDcode 8:1,48,,,,,,,,,,191.045,Editorial,standard
A003_A018_0411CY_V1-0001.mp4,,00:00:13:04,,,5120 x 2700,r3d,"A fisherman pours water out of a bucket to attract the attention of a whale shark, Rhincodon typus, Cenderawasih Bay, Central Papua, Indonesia, Pacific Ocean (No Model Release)",fisherman-pouring-water-to-a-whaleshark,,"Cendrawasih Bay, Indonesia",Culture,,,,,16,,,,,DSMC2 GEMINI 5K S35,,,REDcode 10:1,50,,,,,,,,,,1.09,Editorial,standard
A003_A019_0411B0_V1-0002.mp4,,00:00:40:10,,,5120 x 2700,r3d,"A fisherman pours water into a crate filled with fish to attract the attention of a whale shark, Rhincodon typus, Cenderawasih Bay, Central Papua, Indonesia, Pacific Ocean (No Model Release)",fisherman-pours-water-into-a-crate-with-fish,,"Cendrawasih Bay, Indonesia",Culture,,,,,16,,,,,DSMC2 GEMINI 5K S35,,,REDcode 10:1,50,,,,,,,,,,1.09,Editorial,standard
A003_A019_0411B0_V1-0003.mp4,,00:00:40:10,,,5120 x 2700,r3d,"A fisherman pours water into a cooler filled with fish to attract the attention of a whale shark, Rhincodon typus, Cenderawasih Bay, Central Papua, Indonesia, Pacific Ocean (No Model Release)",fisherman-mixes-water-and-fish,,"Cendrawasih Bay, Indonesia",Culture,,,,,16,,,,,DSMC2 GEMINI 5K S35,,,REDcode 10:1,50,,,,,,,,,,1.09,Editorial,standard
A003_A020_0411D7_V1-0004.mp4,,00:00:43:00,,,5120 x 2700,r3d,"A fisherman drops his bucket into the water to attract the attention of a whale shark, Rhincodon typus, Cenderawasih Bay, Central Papua, Indonesia, Pacific Ocean (No Model Release)",fisherman-drops-bucket-into-water-beside-whale-shark,,"Cendrawasih Bay, Indonesia",Culture,,,,,16,,,,,DSMC2 GEMINI 5K S35,,,REDcode 10:1,50,,,,,,,,,,1.09,Editorial,standard
A003_A022_04117B_V1-0005.mp4,,00:00:15:22,,,5120 x 2700,r3d,"A fisherman squeezes a handful of fish to attract the attention of a whale shark, Rhincodon typus, Cenderawasih Bay, Central Papua, Indonesia, Pacific Ocean (No Model Release)",fisherman-feeding-a-whale-shark,,"Cendrawasih Bay, Indonesia",Culture,,,,,16,,,,,DSMC2 GEMINI 5K S35,,,REDcode 10:1,50,,,,,,,,,,1.09,Editorial,standard
A003_A025_0411M4_V1-0006.mp4,,00:00:32:15,,,5120 x 2700,r3d,"A fisherman from a bagan, a traditional Sulawesi net fishing boat, speaking on a handheld radio, Cenderawasih Bay, Central Papua, Indonesia, Pacific Ocean (No Model Release)",fisherman-speaking-on-radio,,"Cendrawasih Bay, Indonesia",Culture,,,,,16,,,,,DSMC2 GEMINI 5K S35,,,REDcode 10:1,50,,,,,,,,,,1.09,Editorial,standard
A003_A027_041184_V1-0007.mp4,,00:00:14:19,,,5120 x 2700,r3d,"A fisherman from a bagan, a traditional Sulawesi net fishing boat, speaking on a handheld radio, Cenderawasih Bay, Central Papua, Indonesia, Pacific Ocean (No Model Release)",fisherman-on-bagan-speaking-on-radio,,"Cendrawasih Bay, Indonesia",Culture,,,,,16,,,,,DSMC2 GEMINI 5K S35,,,REDcode 10:1,50,,,,,,,,,,1.09,Editorial,standard
A003_A030_0411MG_V1-0008.mp4,,00:00:11:17,,,5120 x 2700,r3d,"A fisherman takes a small fish from a net and drops the rest back into the sea, Cenderawasih Bay, Central Papua, Indonesia, Pacific Ocean (No Model Release)",a-fisherman-pulling-a-fish-out-of-a-small-net,,"Cendrawasih Bay, Indonesia",Culture,,,,,16,,,,,DSMC2 GEMINI 5K S35,,,REDcode 10:1,50,,,,,,,,,,1.09,Editorial,standard
A003_A031_041104_V1-0009.mp4,,00:00:13:09,,,5120 x 2700,r3d,"Local fisherman throwing a line into the water, Cenderawasih Bay, Central Papua, Indonesia, Pacific Ocean (No Model Release)",local-fisherman-throwing-fishing-line,,"Cendrawasih Bay, Indonesia",Culture,,,,,16,,,,,DSMC2 GEMINI 5K S35,,,REDcode 10:1,50,,,,,,,,,,1.09,Editorial,standard
A003_A032_0411XX_V1-0010.mp4,,00:01:10:05,,,5120 x 2700,r3d,"A fisherman pulls up fish from a net and throws them into the water to attract the attention of a whale shark, Rhincodon typus, Cenderawasih Bay, Central Papua, Indonesia, Pacific Ocean (No Model Release)",fisherman-pulls-small-fish-from-net-and-throws-to-whale-shark,,"Cendrawasih Bay, Indonesia",Culture,,,,,16,,,,,DSMC2 GEMINI 5K S35,,,REDcode 10:1,50,,,,,,,,,,1.09,Editorial,standard
A003_A032_0411XX_V1-0011.mp4,,00:01:10:05,,,5120 x 2700,r3d,"A fisherman on a bagan throws a fishing line, Cenderawasih Bay, Central Papua, Indonesia, Pacific Ocean (No Model Release)",fisherman-throws-fishing-line,,"Cendrawasih Bay, Indonesia",Culture,,,,,16,,,,,DSMC2 GEMINI 5K S35,,,REDcode 10:1,50,,,,,,,,,,1.09,Editorial,standard
A003_A033_0411RJ_V1-0012.mp4,,00:00:17:18,,,5120 x 2700,r3d,"A fisherman on a bagan pulls in a fishing line, Cenderawasih Bay, Central Papua, Indonesia, Pacific Ocean (No Model Release)",fisherman-pulling-fishing-line,,"Cendrawasih Bay, Indonesia",Culture,,,,,16,,,,,DSMC2 GEMINI 5K S35,,,REDcode 10:1,50,,,,,,,,,,1.09,Editorial,standard
A003_A035_0411IP_V1-0013.mp4,,00:00:08:22,,,5120 x 2700,r3d,"The living quarters and engine room of a bagan fishing boat, Cenderawasih Bay, Central Papua, Indonesia, Pacific Ocean (No Property Release)",living-quarter-of-a-bagan-traditional-boat,,"Cendrawasih Bay, Indonesia",Culture,,,,,16,,,,,DSMC2 GEMINI 5K S35,,,REDcode 10:1,50,,,,,,,,,,1.09,Editorial,standard
A003_A060_0411VK_V1-0014.mp4,,00:00:09:15,,,5120 x 2700,r3d,"A fisherman uses a manual winch to pick up the anchor of a bagan fishing boat, Cenderawasih Bay, Central Papua, Indonesia, Pacific Ocean (No Model Release)",fisherman-manually-pulls-up-anchor,,"Cendrawasih Bay, Indonesia",Culture,,,,,16,,,,,DSMC2 GEMINI 5K S35,,,REDcode 10:1,25,,,,,,,,,,1.09,Editorial,standard
A003_A061_0411IA_V1-0015.mp4,,00:00:05:09,,,5120 x 2700,r3d,"A fisherman uses a manual winch of a bagan fishing boat, Cenderawasih Bay, Central Papua, Indonesia, Pacific Ocean (No Model Release)",fisherman-manually-pulls-on-a-winch,,"Cendrawasih Bay, Indonesia",Culture,,,,,16,,,,,DSMC2 GEMINI 5K S35,,,REDcode 10:1,25,,,,,,,,,,1.09,Editorial,standard
A002_A003_0408FB_V2-0006.mp4,,,,,4608 x 2412,r3d,"A group of men fishing on a broken jetty at sunset, Nabire, Central Papua, Indonesia, Pacific Ocean (No Model Release)",group-of-men-fishing-on-jetty,,"Cendrawasih Bay, Indonesia",Culture,,,,,16,,,,,DSMC2 GEMINI 5K S35,,,REDcode 8:1,48,,,,,,,,,,191.045,Editorial,standard
A002_A004_0408BX_V2-0007.mp4,,,,,4608 x 2412,r3d,"A group of men fishing on a broken jetty at sunset while waves break on the beach, Nabire, Central Papua, Indonesia, Pacific Ocean (No Model Release)",sunset-and-fishing,,"Cendrawasih Bay, Indonesia",Culture,,,,,16,,,,,DSMC2 GEMINI 5K S35,,,REDcode 8:1,48,,,,,,,,,,191.045,Editorial,standard
A002_A037_0409MP_V2-0001.mp4,,,,,4608 x 2412,r3d,"A Wings Air flight coming in over the ocean to land at Nabire Airport, Nabire, Central Papua, Indonesia, Pacific Ocean (No Property Release)",plane-coming-in-to-land,,"Cendrawasih Bay, Indonesia",Culture,,,,,16,,,,,DSMC2 GEMINI 5K S35,,,REDcode 8:1,48,,,,,,,,,,191.045,Editorial,standard
A002_A037_0409MP_V2-0002.mp4,,,,,4608 x 2412,r3d,"A Wings Air flight lands at Nabire airport with local traffic driving past in the foreground, Nabire, Central Papua, Indonesia (No Property or Model Release)",wings-air-plane-landing,,"Cendrawasih Bay, Indonesia",Culture,,,,,16,,,,,DSMC2 GEMINI 5K S35,,,REDcode 8:1,48,,,,,,,,,,191.045,Editorial,standard
A003_A001_0411BY_V2-0009.mp4,,,,,5120 x 2700,r3d,"A small speed boat sits at anchor in front of a white sand beach with a small hut, Cenderawasih Bay, Central Papua, Indonesia, Pacific Ocean (No Property Release)",small-speed-boat-at-anchor-on-beach,,"Cendrawasih Bay, Indonesia",Culture,,,,,16,,,,,DSMC2 GEMINI 5K S35,,,REDcode 5:1,50,,,,,,,,,,1.09,Editorial,standard
A003_A002_04112G_V2-0010.mp4,,,,,5120 x 2700,r3d,"A small speed boat sits at anchor in calm, shallow water, Cenderawasih Bay, Central Papua, Indonesia, Pacific Ocean (No Property Release)",small-speed-boat-at-anchor-in-shallows,,"Cendrawasih Bay, Indonesia",Culture,,,,,16,,,,,DSMC2 GEMINI 5K S35,,,REDcode 5:1,50,,,,,,,,,,1.09,Editorial,standard
A003_A004_0411EO_V2-0008.mp4,,,,,5120 x 2700,r3d,"Kali Lemon Resort jetty, Kwatisore Bay, Cenderawasih Bay, Central Papua, Indonesia, Pacific Ocean (No Property Release)",the-jetty-of-kali-lemon-resort,,"Cendrawasih Bay, Indonesia",Culture,,,,,16,,,,,DSMC2 GEMINI 5K S35,,,REDcode 5:1,50,,,,,,,,,,1.09,Editorial,standard
A003_A007_0411ZF_V2-0011.mp4,,,,,5120 x 2700,r3d,"Kali Lemon Resort as seen from the jetty, Kwatisore Bay, Cenderawasih Bay, Central Papua, Indonesia, Pacific Ocean (No Property Release)",kali-lemon-resort,,"Cendrawasih Bay, Indonesia",Culture,,,,,16,,,,,DSMC2 GEMINI 5K S35,,,REDcode 5:1,50,,,,,,,,,,1.09,Editorial,standard
A003_A012_0411AV_V2-0012.mp4,,,,,5120 x 2700,r3d,"A calm ocean with blue sky, Cenderawasih Bay, Central Papua, Indonesia, Pacific Ocean",flat-calm-sea,,"Cendrawasih Bay, Indonesia",Landscape,,,,,16,,,,,DSMC2 GEMINI 5K S35,,,REDcode 5:1,50,,,,,,,,,,1.09,Commercial,Premium
A003_A063_0408XO_V2-0003.mp4,,,,,5120 x 2700,r3d,"Fishing boats on anchor at sunset, Cenderawasih Bay, Central Papua, Indonesia, Pacific Ocean (No Property Release)",fishing-boats-on-anchor,,"Cendrawasih Bay, Indonesia",Landscape,,,,,16,,,,,DSMC2 GEMINI 5K S35,,,REDcode 5:1,50,,,,,,,,,,1.09,Editorial,standard
A003_A065_0408XE_V2-0004.mp4,,,,,5120 x 2700,r3d,"A fleet of local fishing boats on anchor at sunset, Cenderawasih Bay, Central Papua, Indonesia, Pacific Ocean (No Property Release)",fishing-boats-on-anchor-in-the-distance,,"Cendrawasih Bay, Indonesia",Landscape,,,,,16,,,,,DSMC2 GEMINI 5K S35,,,REDcode 5:1,50,,,,,,,,,,1.09,Editorial,standard
A003_A068_0408L6_V2-0005.mp4,,,,,5120 x 2700,r3d,"Pink clouds on the horizon at dusk over the ocean, Cenderawasih Bay, Central Papua, Indonesia, Pacific Ocean",pink-clouds-at-dusk-over-the-ocean,,"Cendrawasih Bay, Indonesia",Landscape,,,,,16,,,,,DSMC2 GEMINI 5K S35,,,REDcode 5:1,50,,,,,,,,,,1.09,Commercial,Premium
A003_A075_0411AX_V1-0046.mp4,,,,,5120 x 2700,r3d,"A whale shark, Rhincodon typus, sucks water at the surface while feeding, Cenderawasih Bay, Central Papua, Indonesia, Pacific Ocean",whale-shark-sucks-water-at-the-surface,,"Cendrawasih Bay, Indonesia",Underwater,,,,,16,,,,,DSMC2 GEMINI 5K S35,,,REDcode 5:1,50,,,,,,,,,,1.09,Commercial,Premium
A003_A075_0411AX_V1-0047.mp4,,,,,5120 x 2700,r3d,"Close-up of a whale shark, Rhincodon typus, gills and head as it feeds under a bagan, Cenderawasih Bay, Central Papua, Indonesia, Pacific Ocean",whale-shark-gills-and-head,,"Cendrawasih Bay, Indonesia",Underwater,,,,,16,,,,,DSMC2 GEMINI 5K S35,,,REDcode 5:1,50,,,,,,,,,,1.09,Commercial,Premium
A003_A076_0411VP_V1-0022.mp4,,,,,5120 x 2700,r3d,"Camera pans down from the head of a whale shark, Rhincodon typus, in vertical feeding position, Cenderawasih Bay, Central Papua, Indonesia, Pacific Ocean",panning-vertically-down-a-whale-shark,,"Cendrawasih Bay, Indonesia",Underwater,,,,,16,,,,,DSMC2 GEMINI 5K S35,,,REDcode 5:1,50,,,,,,,,,,1.09,Commercial,Premium
A003_A082_04114B_V2-0013.mp4,,,,,5120 x 2700,r3d,"A school of fish swimming inside the net of a bagan, a traditional net fishing boat, Cenderawasih Bay, Central Papua, Indonesia, Pacific Ocean",fish-swimming-in-a-net,,"Cendrawasih Bay, Indonesia",Underwater,,,,,16,,,,,DSMC2 GEMINI 5K S35,,,REDcode 5:1,50,,,,,,,,,,1.09,Commercial,Premium
A003_A083_0411R9_V2-0014.mp4,,,,,5120 x 2700,r3d,"Looking up at a school of fish swimming inside the net of a bagan, a traditional net fishing boat, Cenderawasih Bay, Central Papua, Indonesia, Pacific Ocean",looking-up-at-a-school-of-fish-swimming-in-a-net,,"Cendrawasih Bay, Indonesia",Underwater,,,,,16,,,,,DSMC2 GEMINI 5K S35,,,REDcode 5:1,50,,,,,,,,,,1.09,Commercial,Premium
A003_A083_0411R9_V2-0016.mp4,,,,,5120 x 2700,r3d,"Close-up of a school of fish swimming inside the net of a bagan, a traditional net fishing boat, Cenderawasih Bay, Central Papua, Indonesia, Pacific Ocean",close-up-of-a-school-of-fish-swimming-in-a-net,,"Cendrawasih Bay, Indonesia",Underwater,,,,,16,,,,,DSMC2 GEMINI 5K S35,,,REDcode 5:1,50,,,,,,,,,,1.09,Commercial,Premium
A003_A128_0410WL_V1-0003.mp4,,,,,5120 x 2700,r3d,"Two whale sharks, Rhincodon typus, swim below a bagan, Cenderawasih Bay, Central Papua, Indonesia, Pacific Ocean",two-whale-sharks-swimming,,"Cendrawasih Bay, Indonesia",Underwater,,,,,16,,,,,DSMC2 GEMINI 5K S35,,,REDcode 5:1,50,,,,,,,,,,1.09,Commercial,Premium
A003_A129_04105P_V1-0005.mp4,,,,,5120 x 2700,r3d,"Two whale sharks, Rhincodon typus, and attendant cobia, Rachycentron canadum and remoras, Remora remora, swim under a bagan, Cenderawasih Bay, Central Papua, Indonesia, Pacific Ocean",whale-sharks-cobias-and-remoras,,"Cendrawasih Bay, Indonesia",Underwater,,,,,16,,,,,DSMC2 GEMINI 5K S35,,,REDcode 5:1,50,,,,,,,,,,1.09,Commercial,Premium
A003_A153_0410IP_V1-0009.mp4,,,,,5120 x 2700,r3d,"Three whale sharks, Rhincodon typus, feeding under a bagan, Cenderawasih Bay, Central Papua, Indonesia, Pacific Ocean",three-whale-sharks-feeding,,"Cendrawasih Bay, Indonesia",Underwater,,,,,16,,,,,DSMC2 GEMINI 5K S35,,,REDcode 5:1,50,,,,,,,,,,1.09,Commercial,Premium
A003_A153_0410IP_V1-0010.mp4,,,,,5120 x 2700,r3d,"Three whale sharks, Rhincodon typus, swimming under a fishing net of a bagan, Cenderawasih Bay, Central Papua, Indonesia, Pacific Ocean",whale-sharks-under-a-fishing-net,,"Cendrawasih Bay, Indonesia",Underwater,,,,,16,,,,,DSMC2 GEMINI 5K S35,,,REDcode 5:1,50,,,,,,,,,,1.09,Commercial,Premium
A003_A153_0410IP_V1-0011.mp4,,,,,5120 x 2700,r3d,"Three whale sharks, Rhincodon typus, swimming under a fishing net of a bagan, a traditional net fishing boat, Cenderawasih Bay, Central Papua, Indonesia, Pacific Ocean",whale-sharks-feeding,,"Cendrawasih Bay, Indonesia",Underwater,,,,,16,,,,,DSMC2 GEMINI 5K S35,,,REDcode 5:1,50,,,,,,,,,,1.09,Commercial,Premium
A003_A154_0410PN_V1-0013.mp4,,,,,5120 x 2700,r3d,"A whale shark, Rhincodon typus, swims up to a bagan where a second whale shark is feeding, Cenderawasih Bay, Central Papua, Indonesia, Pacific Ocean",whale-shark-swimming-up-to-a-bagan,,"Cendrawasih Bay, Indonesia",Underwater,,,,,16,,,,,DSMC2 GEMINI 5K S35,,,REDcode 5:1,50,,,,,,,,,,1.09,Commercial,Premium
A003_A155_0410AR_V1-0015.mp4,,,,,5120 x 2700,r3d,"A whale shark, Rhincodon typus, swims away from the camera, Cenderawasih Bay, Central Papua, Indonesia, Pacific Ocean",whale-shark-swimming-away,,"Cendrawasih Bay, Indonesia",Underwater,,,,,16,,,,,DSMC2 GEMINI 5K S35,,,REDcode 5:1,50,,,,,,,,,,1.09,Commercial,Premium
A004_A013_0412Q2_V2-0001.mp4,,,,,5120 x 2700,r3d,"A whale shark, Rhincodon typus, stuck in the net under a bagan, Cenderawasih Bay, Central Papua, Indonesia, Pacific Ocean",whale-shark-stuck-in-fishing-net,,"Cendrawasih Bay, Indonesia",Underwater,,,,,16,,,,,DSMC2 GEMINI 5K S35,,,REDcode 5:1,50,,,,,,,,,,1.09,Commercial,Premium
A004_A013_0412Q2_V2-0008.mp4,,,,,5120 x 2700,r3d,"A whale shark, Rhincodon typus, in a net under a bagan, Cenderawasih Bay, Central Papua, Indonesia, Pacific Ocean",whale-shark-in-a-fishing-net,,"Cendrawasih Bay, Indonesia",Underwater,,,,,16,,,,,DSMC2 GEMINI 5K S35,,,REDcode 5:1,50,,,,,,,,,,1.09,Commercial,Premium
A004_A015_04124K_V2-0009.mp4,,,,,5120 x 2700,r3d,"Panning around a whale shark, Rhincodon typus, trapped in a fishing net under a bagan, Cenderawasih Bay, Central Papua, Indonesia, Pacific Ocean",panning-around-a-whale-shark-in-fishing-net,,"Cendrawasih Bay, Indonesia",Underwater,,,,,16,,,,,DSMC2 GEMINI 5K S35,,,REDcode 5:1,50,,,,,,,,,,1.09,Commercial,Premium
A004_A017_0412JO_V2-0002.mp4,,,,,5120 x 2700,r3d,"Whale Shark, Rhincodon typus, in a fishing net with sunrays, Cenderawasih Bay, Central Papua, Indonesia, Pacific Ocean",whale-shark-in-fishing-net-with-sunrays,,"Cendrawasih Bay, Indonesia",Underwater,,,,,16,,,,,DSMC2 GEMINI 5K S35,,,REDcode 5:1,50,,,,,,,,,,1.09,Commercial,Premium
A004_A024_0412JO_V2-0003.mp4,,,,,5120 x 2700,r3d,"A whale shark, Rhincodon typus, swims inside a large net while second shark swims outside, Cenderawasih Bay, Central Papua, Indonesia, Pacific Ocean",whale-shark-in-net,,"Cendrawasih Bay, Indonesia",Underwater,,,,,16,,,,,DSMC2 GEMINI 5K S35,,,REDcode 5:1,50,,,,,,,,,,1.09,Commercial,Premium
A004_A031_0412B1_V2-0004.mp4,,,,,5120 x 2700,r3d,"Fishermen try to pull up a net with a trapped whale shark, Rhincodon typus, Cenderawasih Bay, Central Papua, Indonesia, Pacific Ocean (No Model Release)",fishermen-pulling-up-net-with-whaleshark,,"Cendrawasih Bay, Indonesia",Underwater,,,,,16,,,,,DSMC2 GEMINI 5K S35,,,REDcode 5:1,50,,,,,,,,,,1.09,Editorial,standard
A004_A031_0412B1_V2-0010.mp4,,,,,5120 x 2700,r3d,"Split shot of fishermen try to pull up a net with a trapped whale shark, Rhincodon typus, Cenderawasih Bay, Central Papua, Indonesia, Pacific Ocean (No Model Release)",split-shot-of-fishermen-pulling-up-net-with-whaleshark,,"Cendrawasih Bay, Indonesia",Underwater,,,,,16,,,,,DSMC2 GEMINI 5K S35,,,REDcode 5:1,50,,,,,,,,,,1.09,Editorial,standard
A004_A033_0412FT_V2-0005.mp4,,,,,5120 x 2700,r3d,"A whale shark, Rhincodon typus, swimming into the side of a net trying to escape, Cenderawasih Bay, Central Papua, Indonesia, Pacific Ocean",whale-shark-swimming-into-a-net,,"Cendrawasih Bay, Indonesia",Underwater,,,,,16,,,,,DSMC2 GEMINI 5K S35,,,REDcode 5:1,50,,,,,,,,,,1.09,Commercial,Premium
A004_A033_0412FT_V2-0011.mp4,,,,,5120 x 2700,r3d,"A whale shark, Rhincodon typus, swimming into the side of a net trying to escape, Cenderawasih Bay, Central Papua, Indonesia, Pacific Ocean",whale-shark-trying-to-escape-from-a-net,,"Cendrawasih Bay, Indonesia",Underwater,,,,,16,,,,,DSMC2 GEMINI 5K S35,,,REDcode 5:1,50,,,,,,,,,,1.09,Commercial,Premium
A004_A035_0412B9_V2-0006.mp4,,,,,5120 x 2700,r3d,"Whale shark, Rhincodon typus, in a net covered in remoras, Remora remora, Cenderawasih Bay, Central Papua, Indonesia, Pacific Ocean",whale-shark-lying-in-a-net,,"Cendrawasih Bay, Indonesia",Underwater,,,,,16,,,,,DSMC2 GEMINI 5K S35,,,REDcode 5:1,50,,,,,,,,,,1.09,Commercial,Premium
A004_A054_0412ZL_V2-0012.mp4,,,,,5120 x 2700,r3d,"Whale shark, Rhincodon typus, lies trapped in a fishing net, Cenderawasih Bay, Central Papua, Indonesia, Pacific Ocean",whale-shark-in-net,,"Cendrawasih Bay, Indonesia",Underwater,,,,,16,,,,,DSMC2 GEMINI 5K S35,,,REDcode 5:1,50,,,,,,,,,,1.09,Commercial,Premium
A004_A079_041265_V2-0007.mp4,,,,,5120 x 2700,r3d,"Close-up of a whale shark, Rhincodon typus, stuck in a fishing net under a bagan, Cenderawasih Bay, Central Papua, Indonesia, Pacific Ocean",close-up-of-whale-shark-in-net,,"Cendrawasih Bay, Indonesia",Underwater,,,,,16,,,,,DSMC2 GEMINI 5K S35,,,REDcode 5:1,50,,,,,,,,,,1.09,Commercial,Premium
A004_A079_041265_V2-0013.mp4,,,,,5120 x 2700,r3d,"A whale shark, Rhincodon typus, tries to swim while stuck in a net, Cenderawasih Bay, Central Papua, Indonesia, Pacific Ocean",whale-shark-moving-in-a-net,,"Cendrawasih Bay, Indonesia",Underwater,,,,,16,,,,,DSMC2 GEMINI 5K S35,,,REDcode 5:1,50,,,,,,,,,,1.09,Commercial,Premium
A004_A086_0412F7_V1-0001.mp4,,,,,5120 x 2700,r3d,"Purposefully built fish attraction devices hanging under the Whale Shark Centre in Cenderawasih Bay, Central Papua, Indonesia, Pacific Ocean",fish-swim-around-artificial-reef-under-a-platform,,"Cendrawasih Bay, Indonesia",Underwater,,,,,16,,,,,DSMC2 GEMINI 5K S35,,,REDcode 5:1,50,,,,,,,,,,1.09,Editorial,standard
A004_A086_0412F7_V1-0008.mp4,,,,,5120 x 2700,r3d,"Camera pushes through columns of fish attraction devices hung under the Whale Shark Centre in Cenderawasih Bay, Central Papua, Indonesia, Pacific Ocean",pushing-through-underwater-artificial-reef,,"Cendrawasih Bay, Indonesia",Underwater,,,,,16,,,,,DSMC2 GEMINI 5K S35,,,REDcode 5:1,50,,,,,,,,,,1.09,Editorial,standard
A004_A087_0412HC_V1-0002.mp4,,,,,5120 x 2700,r3d,"Fish swim in and around the strands of artificial reef hung under the Whale Shark Centre, Cenderawasih Bay, Central Papua, Indonesia, Pacific Ocean",schooling-fish-and-fish-attraction-platform,,"Cendrawasih Bay, Indonesia",Underwater,,,,,16,,,,,DSMC2 GEMINI 5K S35,,,REDcode 5:1,50,,,,,,,,,,1.09,Editorial,standard
A004_A087_0412HC_V1-0009.mp4,,,,,5120 x 2700,r3d,"Camera pans up from fish attraction devices to the floating Whale Shark Centre, Cenderawasih Bay, Central Papua, Indonesia, Pacific Ocean",panning-up-to-whale-shark-centre,,"Cendrawasih Bay, Indonesia",Underwater,,,,,16,,,,,DSMC2 GEMINI 5K S35,,,REDcode 5:1,50,,,,,,,,,,1.09,Editorial,standard
A004_A087_0412HC_V1-0010.mp4,,,,,5120 x 2700,r3d,"Camera pans down from floating Whale Shark Centre to fish attraction devices in the water column, Cenderawasih Bay, Central Papua, Indonesia, Pacific Ocean",panning-down-from-whale-shark-centre,,"Cendrawasih Bay, Indonesia",Underwater,,,,,16,,,,,DSMC2 GEMINI 5K S35,,,REDcode 5:1,50,,,,,,,,,,1.09,Editorial,standard
A004_A090_0412Q1_V1-0003.mp4,,,,,5120 x 2700,r3d,"A fish attraction device suspended in the water column under the Whale Shark Centre, Cenderawasih Bay, Central Papua, Indonesia, Pacific Ocean",underwater-fish-attraction-device,,"Cendrawasih Bay, Indonesia",Underwater,,,,,16,,,,,DSMC2 GEMINI 5K S35,,,REDcode 5:1,50,,,,,,,,,,1.09,Editorial,standard
A004_A091_0412PC_V1-0011.mp4,,,,,5120 x 2700,r3d,"Large fish attraction device made of cylindrical pipes under the Whale Shark Centre, Cenderawasih Bay, Central Papua, Indonesia, Pacific Ocean",fish-attraction-device-made-of-pipes,,"Cendrawasih Bay, Indonesia",Underwater,,,,,16,,,,,DSMC2 GEMINI 5K S35,,,REDcode 5:1,50,,,,,,,,,,1.09,Editorial,standard
A004_A093_041220_V1-0012.mp4,,,,,5120 x 2700,r3d,"Indo Pacific Sergeants, Abudefduf vaigiensis, cluster around a fish attraction device in Cenderawasih Bay, Central Papua, Indonesia, Pacific Ocean",damsel-fish-swimming-around-fish-attraction-device,,"Cendrawasih Bay, Indonesia",Underwater,,,,,16,,,,,DSMC2 GEMINI 5K S35,,,REDcode 5:1,50,,,,,,,,,,1.09,Editorial,standard
A004_A095_0412LN_V1-0004.mp4,,,,,5120 x 2700,r3d,"Large fish attraction device suspended in the mid water column, Cenderawasih Bay, Central Papua, Indonesia, Pacific Ocean",fish-attraction-device-in-water-column,,"Cendrawasih Bay, Indonesia",Underwater,,,,,16,,,,,DSMC2 GEMINI 5K S35,,,REDcode 5:1,50,,,,,,,,,,1.09,Editorial,standard
A004_A096_0412EJ_V1-0005.mp4,,,,,5120 x 2700,r3d,"Vertical lines hung in the water with artificial reef pods to attract fish, Cenderawasih Bay, Central Papua, Indonesia, Pacific Ocean",hanging-fish-attraction-lines,,"Cendrawasih Bay, Indonesia",Underwater,,,,,16,,,,,DSMC2 GEMINI 5K S35,,,REDcode 5:1,50,,,,,,,,,,1.09,Editorial,standard
A004_A096_0412EJ_V1-0006.mp4,,,,,5120 x 2700,r3d,"Two different styles of fish attraction device and fish swimming between the two, Cenderawasih Bay, Central Papua, Indonesia, Pacific Ocean",two-fish-attraction-devices,,"Cendrawasih Bay, Indonesia",Underwater,,,,,16,,,,,DSMC2 GEMINI 5K S35,,,REDcode 5:1,50,,,,,,,,,,1.09,Editorial,standard
A004_A099_0412TL_V1-0007.mp4,,,,,5120 x 2700,r3d,"Sun rays filter through the water under the floating Whale Shark Centre in Cenderawasih Bay, Central Papua, Indonesia, Pacific Ocean",sun-rays-under-the-whale-shark-centre,,"Cendrawasih Bay, Indonesia",Underwater,,,,,16,,,,,DSMC2 GEMINI 5K S35,,,REDcode 5:1,50,,,,,,,,,,1.09,Editorial,standard
A005_A048_0412DV_V2-0017.mp4,,,,,4608 x 2412,r3d,"Camera pans down in the forest with sun lighting up a selection of green leaves in the forest of Central Papua, Central Papua, Indonesia",sunlight-lighting-leaves,,"Cendrawasih Bay, Indonesia",Landscape,,,,,16,,,,,A005_A075_04143F_001.R3D,,,A,REDcode 7:1,,,,,,,,,,20,Commercial,standard
A005_A059_0412OE_V2-0026.mp4,,,,,4608 x 2412,r3d,"Camera pans from the right to the left showcasing the dense Papuan jungle, Cenderawasih Bay, Central Papua, Indonesia",panning-right-to-left-across-papuan-jungle,,"Cendrawasih Bay, Indonesia",Landscape,,,,,16,,,,,A005_A075_04143F_001.R3D,,,A,REDcode 7:1,,,,,,,,,,20,Commercial,standard
A005_A066_041256_V2-0027.mp4,,,,,4608 x 2412,r3d,"Panning across the trees and undergrowth of the dense jungle, Cenderawasih Bay, Central Papua, Indonesia",central-papuan-jungle,,"Cendrawasih Bay, Indonesia",Landscape,,,,,16,,,,,A005_A075_04143F_001.R3D,,,A,REDcode 7:1,,,,,,,,,,20,Commercial,standard
A005_A074_0412IV_V2-0028.mp4,,,,,5120 x 2700,r3d,"Peeking over the should of a photographer in the jungle, Cenderawasih Bay, Central Papua, Indonesia",photographers-in-the-jungle,,"Cendrawasih Bay, Indonesia",Landscape,,,,,16,,,,,DSMC2 GEMINI 5K S35,,,REDcode 8:1,75,,,,,,,,,,1.09,Editorial,standard
A005_A100_0414R2_V2-0018.mp4,,,,,5120 x 2700,r3d,"Panning down and across from the jungle to the beach, Cenderawasih Bay, Central Papua, Indonesia, Pacific Ocean",papuan-beach,,"Cendrawasih Bay, Indonesia",Landscape,,,,,16,,,,,Tue Apr 20 14:21:06 2021,,,130-27C-A4B,A,,,,,,,,,,320,Commercial,standard
A005_A104_04146P_V2-0019.mp4,,,,,5120 x 2700,r3d,"Papuan beach with ocean and green jungle behind, Cenderawasih Bay, Central Papua, Indonesia, Pacific Ocean",papuan-ocean-and-beach,,"Cendrawasih Bay, Indonesia",Landscape,,,,,16,,,,,Tue Apr 20 14:22:57 2021,,,130-27C-A4B,A,,,,,,,,,,160,Commercial,standard
A005_A105_0414EK_V2-0020.mp4,,,,,5120 x 2700,r3d,"Waves breaking on the beach in Cenderawasih Bay, Central Papua, Indonesia, Pacific Ocean",waves-breaking-on-the-beach,,"Cendrawasih Bay, Indonesia",Landscape,,,,,16,,,,,Tue Apr 20 14:21:24 2021,,,130-27C-A4B,A,,,,,,,,,,160,Commercial,standard
A005_A105_0414EK_V2-0021.mp4,,,,,5120 x 2700,r3d,"Sunlight glistens on waves breaking on a beach, Cenderawasih Bay, Central Papua, Indonesia, Pacific Ocean",sunlight-on-breaking-waves,,"Cendrawasih Bay, Indonesia",Landscape,,,,,16,,,,,Tue Apr 20 14:21:24 2021,,,130-27C-A4B,A,,,,,,,,,,160,Commercial,standard
A006_A001_0413CQ_V2-0023.mp4,,,,,4608 x 2412,r3d,"A real saltwater crocodile skull that has been painted and fit with fake teeth as a display item in a village, Cenderawasih Bay, Central Papua, Indonesia, No Property Release",painted-crocodile-skull,,"Cendrawasih Bay, Indonesia",Culture,,,,,16,,,,,DSMC2 GEMINI 5K S35,,,REDcode 7:1,50,,,,,,,,,,191.045,Editorial,standard
A006_A004_04138S_V2-0022.mp4,,,,,4608 x 2412,r3d,"Shells and a whale shark painting on a shelf in a home, Cenderawasih Bay, Central Papua, Indonesia, No Property Release",shells-and-a-painting-on-a-shelf,,"Cendrawasih Bay, Indonesia",Culture,,,,,16,,,,,DSMC2 GEMINI 5K S35,,,REDcode 7:1,50,,,,,,,,,,191.045,Editorial,standard
A006_A004_04138S_V2-0024.mp4,,,,,4608 x 2412,r3d,"Shells, a crocodile skull and a whale shark painting on a shelf in a home, Cenderawasih Bay, Central Papua, Indonesia, No Property Release",shells-crocodile-skull-and-a-painting-on-a-shelf,,"Cendrawasih Bay, Indonesia",Culture,,,,,16,,,,,DSMC2 GEMINI 5K S35,,,REDcode 7:1,50,,,,,,,,,,191.045,Editorial,standard
A006_A013_0413DN_V2-0025.mp4,,,,,4608 x 2412,r3d,"Traditionally made swimming goggles hang from a shelf with shells and a crocodile skull Cenderawasih Bay, Central Papua, Indonesia, No Property Release",traditional-goggles-hanging-from-a-shelf,,"Cendrawasih Bay, Indonesia",Culture,,,,,16,,,,,DSMC2 GEMINI 5K S35,,,REDcode 7:1,50,,,,,,,,,,191.045,Editorial,standard
A006_A062_0413WX_V1-0051.mp4,,,,,4608 x 2412,r3d,"Whale shark, Rhincodon typus, swims towards a bagan with to other sharks in the background, Cenderawasih Bay, Central Papua, Indonesia, Pacific Ocean",whale-shark-swims-to-net,,"Cendrawasih Bay, Indonesia",Underwater,,,,,16,,,,,DSMC2 GEMINI 5K S35,,,REDcode 7:1,50,,,,,,,,,,191.045,Commercial,Premium
A006_A062_0413WX_V1-0052.mp4,,,,,4608 x 2412,r3d,"Whale shark, Rhincodon typus, swims close to the surface in front of a bagan, Cenderawasih Bay, Central Papua, Indonesia, Pacific Ocean",whale-shark-under-the-surface,,"Cendrawasih Bay, Indonesia",Underwater,,,,,16,,,,,DSMC2 GEMINI 5K S35,,,REDcode 7:1,50,,,,,,,,,,191.045,Commercial,Premium
A006_A085_0413B2_V2-0015.mp4,,,,,4608 x 2412,r3d,"Looking up at the underside of a bagan and the hanging nets, Cenderawasih Bay, Central Papua, Indonesia, Pacific Ocean",looking-up-at-a-bagan,,"Cendrawasih Bay, Indonesia",Underwater,,,,,16,,,,,DSMC2 GEMINI 5K S35,,,REDcode 7:1,50,,,,,,,,,,191.045,Commercial,standard
A006_A089_04138A_V2-0029.mp4,,,,,4608 x 2412,r3d,"Camera surfaces from below to show the underside of a bagan fishing boat, Cenderawasih Bay, Central Papua, Indonesia, Pacific Ocean",split-level-under-a-bagan,,"Cendrawasih Bay, Indonesia",Underwater,,,,,16,,,,,DSMC2 GEMINI 5K S35,,,REDcode 7:1,50,,,,,,,,,,191.045,Commercial,standard
